recall[v],3.11530284388
chronicle[v],3.08228084494
recital[n],3.00026604888
related[j],2.99120243079
scene[n],2.97479591313
celebration[n],2.934448223
arrival[n],2.85935451431
narrator[n],2.85810481336
narrated[j],2.7795631045
festivity[n],2.72777277619
adventure[n],2.69965235275
signalize[v],2.68684559154
graphically[r],2.63154102708
solemnity[n],2.59873288149
conversation[n],2.58274563692
fateful[j],2.56000196989
ceremony[n],2.54338900174
excursion[n],2.5392381472
journey[n],2.53835789833
diary[n],2.53372622694
landmark[n],2.51883119138
tragedy[n],2.49659814414
harrowing[j],2.47885421323
sketch[n],2.4610674235
personage[n],2.42957751802
anecdote[n],2.38673686074
rejoicing[n],2.38554301975
accompany[v],2.36647252808
commemoration[n],2.36298469823
ascension[n],2.35827073931
commemorate[v],2.3553117076
immediately[r],2.35481041878
recollect[v],2.35195601792
journeying[n],2.35194100083
chapter[n],2.34181826683
reception[n],2.33847360634
memory[n],2.32553444964
bringuier[n],2.31774242152
pentecost[n],2.31729333435
skirmish[n],2.3160927606
latest[j],2.3139700426
shortly[r],2.30673271043
guiteras[n],2.29658392393
pilgrimage[n],2.29123098434
follow[v],2.27418498868
contemporary[j],2.27137698438
solstice[n],2.26670099875
birthday[n],2.25646679176
spectacle[n],2.25246083147
notice[v],2.24991861229
mythical[j],2.24456858547
exhibition[n],2.24202191023
hearing[n],2.24113937849
colloquy[n],2.22721967378
trip[n],2.22449761035
story[n],2.22199874499
founding[n],2.2218339914
henchliffe[n],2.22083345273
thrilling[j],2.21656934173
early[r],2.2089845162
date[v],2.20751803196
funeral[n],2.20702734467
lifetime[n],2.20685714097
late[j],2.20602228619
period-ending[j],2.20263881124
auspicious[j],2.20229573842
rehearsal[n],2.20151995462
betrothal[n],2.19829775604
stage[v],2.18466688852
remembered[j],2.17689286744
exploit[v],2.17399535538
calendar[n],2.17043201725
ceremonial[j],2.16915587376
remembrance[n],2.16844881416
biographical[j],2.16690592941
fortnight[n],2.16613980937
dialogue[n],2.1661035012
hairbreadth[n],2.16217550754
touching[j],2.16116232034
unique[j],2.15345400453
hanold[n],2.14958694607
festival[n],2.14760680899
spectator[n],2.13925653063
destination[n],2.13825017907
bereavement[n],2.1374162354
novitiate[n],2.13672802475
play[n],2.13548007483
last[v],2.13324322691
hair-breadth[j],2.13112172545
despatch[n],2.12933072875
salient[j],2.1274373034
approach[n],2.11345921611
solemn[j],2.11300455564
warning[n],2.11091475517
later[r],2.10236295329
note-books[j],2.10080539725
scenic[j],2.10066253083
signal[n],2.09985684106
hrólfssaga[n],2.09871142933
chronicle[n],2.09852880607
arrive[v],2.09823156645
legend[n],2.09602226382
messiah[n],2.09323624622
last[j],2.09166580444
news[n],2.08994280785
autobiographical[j],2.08586471824
enjoyable[j],2.08395678227
year[n],2.08379224452
baptism[n],2.07145079347
depict[v],2.06972458845
chautauquans[n],2.06915678129
centenary[j],2.06622204244
parallel[v],2.0658196353
burial[n],2.06258596022
exploit[n],2.06017728633
ascent[n],2.05887255856
tamawaca[n],2.05867957631
peregrination[n],2.05723915127
easter[n],2.05430955513
itinerary[n],2.05150674088
monday[n],2.05125949329
bucholz[n],2.05043677238
archæological[j],2.04847318406
twenty-fifth[j],2.04823008577
legendary[j],2.04821008097
liveliest[j],2.04672092786
wedding[n],2.04316202922
rehearse[v],2.04200343276
preface[v],2.04185859112
hrotsvith[n],2.03906218435
recount[n],2.03760634842
friday[n],2.03753330514
topographical[j],2.03689407632
direction[n],2.03487979922
looked-for[j],2.03427549218
murder[n],2.03396165082
sunday[n],2.03391536838
recitation[n],2.03355832593
biography[n],2.03336862514
centennial[n],2.03032956238
foretold[r],2.02936435729
red-letter[j],2.02922460126
afterward[r],2.02758300141
opening[n],2.02367377185
srídatta[n],2.02320621571
morning[n],2.02238678465
krystinik[n],2.02213564569
revisit[v],2.02187650737
excitement[n],2.02156707693
voshinin[n],2.02117826538
first[r],2.02094641046
hegira[n],2.01967228058
ever-memorable[j],2.01939262836
retelling[n],2.0135719309
nagarjuna[n],2.01136518603
mythological[j],2.00741678383
biographer[n],2.00693216448
first-night[j],2.00483086498
tishri[n],2.00308793475
equinox[n],2.00188913832
altgens[n],1.99982359298
eighty[n],1.99451661223
maneuver[n],1.99426740553
historian[n],1.98588811948
travel[n],1.98377747394
unnoticed[j],1.9835512066
mccloy[n],1.9762620779
presence[n],1.97511693158
skirmishing[n],1.97500367118
reconnoissance[n],1.97431301065
twenty-first[j],1.97263027116
twenty-sixth[j],1.97072503932
sortie[n],1.97013894447
nisan[n],1.96749379699
wednesday[n],1.96459991759
scheduled[j],1.96394032001
thirty[n],1.96315285941
deed[n],1.96223869429
re-reading[n],1.96206612788
route[n],1.96091072345
killing[n],1.95988782449
spirited[j],1.95964922461
inform[v],1.95818493945
ceremonial[n],1.95810609588
closely[r],1.9579520729
life-story[j],1.9566439722
nehemiah[n],1.9554841139
strakhov[n],1.95350682889
chase[n],1.95322016512
moving[j],1.94956154044
amusing[j],1.94909214985
pass[v],1.94757870881
voyage[n],1.94583220657
past[r],1.94550195431
suspense[n],1.94547508471
audience[n],1.94043073692
mohrenschildts[n],1.94026656332
jotting[n],1.93992665738
dymitruk[n],1.9387442413
briefest[j],1.93483080151
strangest[j],1.9344611268
leave-taking[n],1.9343442413
befall[v],1.93394117286
sketch[v],1.93378775655
appear[v],1.93293528919
unexpectedly[r],1.9320132646
mamantov[n],1.93048508358
prophesy[v],1.92891860765
pen-picture[n],1.92851072796
time[v],1.92843320833
finale[n],1.92810178692
tubbermore[n],1.92775667047
home-coming[n],1.92764863434
encampment[n],1.92564466694
passover[n],1.92323949727
dispatch[n],1.92254673892
saturday[n],1.9224739779
ritual[n],1.92222341176
metonic[j],1.92219939512
thirtieth[n],1.92196389804
interlude[n],1.92006274317
retreat[n],1.91785002255
dulles[n],1.91782616523
sacrifice[n],1.91533193851
rencontre[n],1.91180013202
nocturnal[j],1.91139401105
chronicling[n],1.90736698742
by-past[j],1.90544746377
nuptials[n],1.90521697511
halting-place[n],1.90514495213
auditor[n],1.90418755569
tuesday[n],1.90109720755
descriptive[j],1.89983432227
gushtásp[n],1.89815990396
intercalary[j],1.89625543026
myth[n],1.89526695415
purportedly[r],1.89303857412
tour[n],1.89278804275
turn[n],1.8922594109
tournament[n],1.89142819845
vacation[n],1.89129978509
annalist[n],1.88978387379
arrest[v],1.88976065593
sabbath[n],1.88920087505
intimately[r],1.88783848117
ymca[n],1.88395147567
transcript[n],1.88263727622
thrilling[n],1.8821895421
turning[n],1.88187591144
purim[n],1.87923560803
fortieth[j],1.87891667312
olympiads[n],1.87833548029
group[v],1.87677799036
oswald[n],1.87460676553
midnight[n],1.87364605307
paine[n],1.87032169397
shasteen[n],1.86961111099
re-edification[n],1.86793675026
storytelling[n],1.86785095
behrisch[n],1.86634387468
midwinter[n],1.86609981802
well-written[j],1.86497947796
message[n],1.86379277389
maccabean[j],1.86362593702
school-year[n],1.86362041732
memorial[n],1.86339584744
semi-historical[j],1.86219609351
thursday[n],1.8615119748
compiler[n],1.85928728307
leave[n],1.85767275074
topography[n],1.85758456037
portent[n],1.85666179467
antedate[n],1.8522006745
fighting[n],1.85111153786
pathetic[j],1.85097392206
money-digger[n],1.85069799854
half-known[j],1.8489921631
anglo-israelism[n],1.84866540845
kishar[n],1.84859648913
obsequy[n],1.84784352907
fitting[j],1.84721000106
obliterate[v],1.84562348177
checkup[n],1.84293935633
anko[n],1.84206727957
retrospect[j],1.84167233202
unearthing[n],1.83898900929
log-book[n],1.83837263052
tabernacles[n],1.83782051133
feast[n],1.83761162432
coronation[n],1.83721101209
poignant[j],1.83680682796
washo[n],1.83677213201
glimpse[n],1.83614228289
campaigning[n],1.83529830163
military[j],1.83395469775
saga[n],1.83374036685
martyrdom[n],1.83261256604
siege[n],1.83234890644
countermarch[n],1.83139034094
waverley[n],1.83077921707
allegorical[j],1.82813607269
rambling[n],1.82753198766
resting-place[n],1.82712411163
jolin[n],1.82502648866
delineate[v],1.82456111603
halt[n],1.82411456424
sarsefield[n],1.82394908025
thessalonian[j],1.82390305238
step[n],1.82369353727
mountaineering[n],1.82159941749
rogerene[n],1.82029500509
whereabouts[n],1.8198828345
death-bed[j],1.81787171886
surprise[n],1.81761721984
august[n],1.81738247718
long-dreaded[j],1.81730008573
demolition[n],1.8171160892
ballen[n],1.81673292125
hildreth[n],1.81654799638
compile[v],1.81440147661
ancestry[n],1.81285384739
disembarkation[n],1.81284837475
inkpaduta[n],1.81253460229
erection[n],1.81061958832
perambulation[n],1.80949900035
twenty-second[j],1.80928484004
notice[n],1.80895855873
bible-class[j],1.80784202002
oft-told[j],1.80711323144
bjarki[n],1.80637303384
mesolithic[j],1.8050926001
prominent[j],1.80463673616
budova[n],1.80453307508
purported[j],1.80422499877
solemnise[v],1.80319878852
respite[n],1.80192381018
gruesome[j],1.79942224606
dispatch[v],1.79812527109
report[n],1.79738373998
bashour[n],1.79713362539
dedication[n],1.7968981026
bjarkarímur[n],1.79685463617
school-day[n],1.79670447253
noteworthy[n],1.79636672119
half-hour[n],1.79612108544
scramble[n],1.795003685
epiphany[n],1.79335127922
women-saint[n],1.78994675066
whitsuntide[n],1.7893265815
open-air[j],1.78859278999
zakmuk[n],1.78742087785
atic[n],1.78737149241
hartogs[n],1.78547959366
notably[r],1.78432522857
celebrate[v],1.78272433145
lively[j],1.78181253727
dane-court[n],1.78119775263
dinner-party[n],1.78084694431
autobiography[n],1.78052072562
consecration[n],1.78029456538
connally[r],1.77919489946
thirty-first[j],1.77888216961
reappear[v],1.77880333995
procession[n],1.77595700276
ezekiel[n],1.77589843156
sheffield-place[n],1.77487458662
keniston[n],1.77210774902
possibility[n],1.77208093076
christening[n],1.77091190184
purpose[v],1.7704264902
toilsome[j],1.77041989292
recapture[v],1.77025262359
fittingly[r],1.76849970893
telephonic[j],1.76815563701
carrico[n],1.76621127366
interest[v],1.76617530838
saying[n],1.76606237845
virdow[n],1.76453827723
mackinack[n],1.76230312522
repeat[v],1.76168820891
bookhout[n],1.76084519612
genji[n],1.75990098561
diarist[n],1.75832722337
pageant[n],1.75801744478
stovall[n],1.75786576984
opening[j],1.75716022798
archaeological[j],1.75704176406
jehovist[n],1.75601821031
playgoer[n],1.75537955946
jesuist[n],1.75534305611
animal-worship[n],1.75513225627
nativity[n],1.75275678362
hidell[n],1.75206236293
dramas[n],1.75049939887
rendezvous[n],1.74880797546
starting[n],1.74794137173
heliacal[j],1.74747861817
seilern[n],1.74691377288
fourteenth[n],1.74650102281
high-ranking[j],1.74559334818
third[j],1.74501519249
debut[n],1.74370297359
twenty-fifth[n],1.74335702282
hymn-singing[n],1.74210368131
railroading[n],1.74170000233
eighty-fifth[j],1.74008117304
cadetship[n],1.73892634758
hansával[n],1.73744275282
camp-meeting[n],1.73731579379
babylonian[j],1.73694924721
thirtieth[j],1.73574697152
demeanor[n],1.73571736587
century[n],1.73530599733
remainder[n],1.73472544362
ninth[j],1.73333042149
fiftieth[j],1.7330232476
eighth[j],1.73202981839
extract[n],1.73143541244
lent[n],1.73073875299
portol[n],1.73011443305
dream-vision[n],1.72905937472
fête[n],1.7287944531
posrednik[n],1.72862763955
ellerthorpe[n],1.7283667744
bloodiest[j],1.7266525488
thanksgiving[n],1.72603951011
sothic[j],1.72541105978
wandsborough[n],1.72529923755
cablegram[n],1.72529740024
give[v],1.7241889381
corrida[n],1.72377814821
acquaintance[n],1.72305096545
school-life[n],1.72281291195
ronleigh[n],1.72244564321
twenty-sixth[n],1.72140110358
haggada[n],1.72105506261
content[v],1.72043488184
anomalistic[j],1.71907793987
topanga[n],1.71829769145
serious[n],1.71808442758
jaunt[n],1.71747797449
intercalate[v],1.71710877651
detour[n],1.71626873308
firishtah[n],1.7161625876
mid-week[n],1.71599607593
birth-day[n],1.71528305203
iglau[n],1.71500660175
round-table[j],1.71418240341
coming[n],1.71410917549
apprehended[n],1.71408991815
apparition[n],1.71263686106
climacterical[j],1.71211522303
dated[j],1.71168641913
depart[v],1.71159142691
gneixendorf[n],1.71156022038
brayman[n],1.71065910912
installation[n],1.70947380241
entertainment[v],1.70905652922
neo-babylonian[j],1.70883416034
prayer-meeting[n],1.7087906597
crucifixion[n],1.70865354532
antichrists[n],1.70803934413
interested[j],1.70608118193
unmarked[j],1.70603967195
abdu[n],1.70583693152
noon[n],1.70525818668
weekday[n],1.70520066639
fifty[n],1.70447655871
tsze-sze[n],1.70329908077
gethsemane[n],1.70322168716
paschal[n],1.7030016347
rebuilding[n],1.70014850988
twenty-eighth[n],1.69976155261
curiosity[n],1.69935460244
parable[j],1.69895207367
mourning[n],1.69571396345
winding[n],1.69551564993
archeological[j],1.69476233924
closest[j],1.6946241755
christmas[n],1.69450509219
chance[v],1.69428326424
unpublished[j],1.69406044732
sighting[n],1.69346377634
heroic[j],1.69243548967
bombardment[n],1.69196231053
topin[n],1.69177039507
twentieth[j],1.69153194057
rumours[n],1.6914966239
bāb[n],1.69082298341
rokycana[n],1.69051438436
dissertation[n],1.69048801092
statman[n],1.6903660103
entertainment[n],1.68909878677
suddenness[n],1.68892454801
thirty-fifth[j],1.68889386528
mountain-fastness[n],1.68776970216
flight[n],1.68751106662
bleheris[n],1.68699017998
apocalypse[n],1.68534945857
gotama[n],1.68523372988
ballycruiskeen[n],1.68459728523
centennial[j],1.68414217577
abovenamed[j],1.68401601326
picture[v],1.68384568347
quinquennial[j],1.68315021556
conclave[n],1.68280254383
folk-tale[n],1.68182590381
marriage-ceremony[n],1.68168307784
reperusal[n],1.68087111451
ramble[n],1.68071310919
postscript[n],1.68023540189
basket-weaving[n],1.67976419466
jubilee[n],1.67920112483
hydesville[n],1.67751457401
giottesques[n],1.67653108104
later[n],1.67621817339
memoir[n],1.67582875433
successively[r],1.67566686079
cremation[n],1.67504432697
sarton[n],1.67456357334
pondiac[n],1.67383429299
ingathering[n],1.67355102993
spade-work[n],1.67345702624
peril[n],1.6718628231
slaughter[n],1.67073592837
midlothian[j],1.66989104214
familiar[j],1.66961266239
combest[n],1.66711015699
twenty-seventh[j],1.66657518215
apostles[n],1.66654854872
despatching[n],1.66616350509
heroine[n],1.6641434686
epitome[n],1.66383888226
vigil[n],1.663110479
showup[n],1.66300177016
rehash[v],1.66294221485
rendering[n],1.66246667693
cross-country[j],1.66236055789
fêtes[n],1.66192501101
sorrels[n],1.66156413169
recommencement[n],1.66017283558
identification[n],1.65973919721
sixth[j],1.6592819333
tono-bungay[n],1.6592203789
seventh[j],1.65874066252
rnson[n],1.65846870564
journal[n],1.65818652577
befittingly[r],1.65818564275
re-capture[n],1.65626955202
eleventh[j],1.65487926332
thoodaudana[n],1.65425269951
rite[n],1.65422411655
winter[n],1.65387998358
actor[n],1.65345992387
single[v],1.65326232866
minesweeping[n],1.65316651465
matinées[n],1.65309782768
epistles[n],1.6526571421
agreeably[r],1.65231692499
eastertide[n],1.65218249107
inhabitation[n],1.65212314242
stuckey[n],1.6518869972
remind[v],1.65090997114
bethlehem[n],1.64903101238
overture[n],1.64888581573
twenty-ninth[j],1.64878341813
voluminous[j],1.64790038003
pinkston[n],1.64750710516
weekend[n],1.64695674582
throe[n],1.64642681563
impromptu[j],1.64586123937
appropriately[r],1.64569871583
tenth[n],1.64528837234
crowning[j],1.64449806146
ministration[n],1.64386042101
katun[n],1.64335531491
wedding-day[j],1.6433137792
ma-tsu[n],1.64276091901
congratulating[n],1.64221276763
willowfield[n],1.6418034053
nuniz[n],1.64152149103
dramatical[j],1.64031472961
orderly[j],1.63941734091
entertaining[j],1.63940152518
revenue[n],1.63938641366
batala[n],1.63807063497
commemorative[j],1.63747958324
theatrical[j],1.63742348867
saddest[j],1.63583165464
fire-festival[n],1.63568343706
mutiny[n],1.63460721833
author[n],1.63402787124
division[n],1.63400291764
astronomer-royal[j],1.63391345597
fourth[j],1.6316765653
monitor[n],1.63143676871
booklet[n],1.63126555163
death-blow[j],1.62943777064
speaker[n],1.62907948397
night[n],1.62809169192
readiness[n],1.62776228642
especial[n],1.62709264055
tribulation[n],1.62692667881
itineration[n],1.62679850902
status[n],1.62621590316
ski-running[n],1.62536111166
windgate[n],1.62509391701
midsummer[n],1.62504586134
symbolical[j],1.624528078
long-distance[n],1.62377390053
prison-fortress[n],1.62375796991
okubo[n],1.62319051815
olympic[j],1.62316326286
twelfth[j],1.62283592482
frauds[n],1.62269613518
folk-tale[j],1.62253525751
deluge[n],1.62235875695
fasts[n],1.62228693031
palmprint[n],1.6221937544
sudden[j],1.62106457762
attested[n],1.62034927304
incumbency[n],1.6201178177
abwehr[n],1.62004021319
assemble[v],1.61971819541
toltec[j],1.61944838689
soliloquy[n],1.61902418276
twenty-fourth[j],1.61901550376
long-past[j],1.61888776808
lesurques[n],1.61877356368
fight[n],1.61857881075
serampore[n],1.6183578601
nightwork[n],1.61831641165
espousal[n],1.61822612792
sabbaths[n],1.61792524672
post-christian[j],1.61706461576
figure[v],1.61697473642
cavalcade[n],1.61673853296
rephrase[v],1.61666849071
post-runner[n],1.61655810205
chautauqua[n],1.61603936098
cross-bearing[n],1.61506035267
chance[n],1.61461525569
exordium[n],1.6145495043
sixty-fourth[j],1.61420376705
forty[n],1.61416300625
re-open[v],1.61415085493
monograph[n],1.61329676681
unexpectedness[n],1.61220312509
date[n],1.61188141333
rondo-form[n],1.61175686518
bible-reading[j],1.61143886662
sitting-bull[n],1.61115438203
preface[n],1.61048860276
well-attended[j],1.60976877815
dawn[n],1.60904551785
repetitions[n],1.60868514714
ispravnik[n],1.60843804917
sixty-seventh[j],1.60818021888
mythic[j],1.60810367038
boudreaux[n],1.60791993251
baha'o[n],1.60752689874
ridgley[n],1.60724826321
fiftieth[n],1.60720959263
eocene[j],1.6066020712
pastorate[n],1.60585458285
hatching[n],1.60566398937
marnoo[n],1.60562602997
liébeault[n],1.60548132001
new-yorker[n],1.60530867542
lenaea[n],1.60517121326
allude[n],1.60488128566
aclu[n],1.60460240802
concert[n],1.60425164037
sakkīd[j],1.60349109316
next[r],1.60326168351
pleistocene[j],1.60254330746
relief[n],1.60228547045
comer[n],1.60192745138
saád[n],1.60163031728
transfiguration[n],1.60024387363
orphics[n],1.59988004349
kory-kory[n],1.59964397825
indelibly[r],1.59961972973
clew[n],1.59960717088
purgatorial[j],1.5989198334
carnival[n],1.59870073851
rigdon[n],1.5978976713
atterley[n],1.59782230064
parthenôn[n],1.59777808996
twelve-month[n],1.59644948987
milestone[n],1.59604498589
coeval[j],1.59592248166
nephite[n],1.59585313879
gotown[n],1.59575603125
panoramic[j],1.59556769342
parkland[n],1.59463582284
ourday[n],1.59423463436
summer[n],1.59402012034
farcical[j],1.59394833713
meton[n],1.59330393965
miracle-play[n],1.59303781775
guacamari[n],1.5928142281
re-read[v],1.59274937938
sub-period[n],1.59237654971
sermon[n],1.59202158128
súrih[n],1.59172636494
twenty-third[j],1.59125716769
astronomically[r],1.58932381683
introduction[v],1.58827461276
terse[j],1.58820350451
tableaux[n],1.58804804588
outing[n],1.58753208215
enkidu[n],1.58639484714
overcomer[n],1.58631923361
klytia[n],1.58547031175
rainy[j],1.58517067011
six-day[j],1.58436526851
fast[n],1.58364098183
mission-field[n],1.58344039899
sun-worship[n],1.58258240331
ramazan[n],1.58184791608
palestine[n],1.58184261609
whitefield[n],1.58167400363
excavation[n],1.58069203031
nineteenth[j],1.58059684799
subsequent[n],1.58020960985
hellic[j],1.57939544985
sacæa[n],1.57903192218
carnage[n],1.57872604723
visitor[n],1.57799471115
seventy-sixth[j],1.57749774174
kalpa[n],1.57705308574
acting[n],1.57694671317
spot[n],1.57688641238
festival-day[n],1.576816678
pedestrian[j],1.57649924392
student-life[n],1.57616879789
eleven[n],1.57593118088
greely[n],1.57569914446
conspicuously[r],1.57558065548
plant-world[n],1.57521809847
latter-day[j],1.57454701572
ipomedon[n],1.57406183811
afield[v],1.57307616543
alligewi[n],1.57306606699
zufällig[n],1.57279234535
apostle[n],1.57270438894
loyalheart[n],1.57171753365
schindler[n],1.5714974483
klosterheim[n],1.56933877699
explorer[n],1.56880430385
elders[n],1.56875784784
visit[v],1.56862794914
go-toba[n],1.56765400113
masterly[j],1.56756418955
post-homeric[j],1.56724444571
department[n],1.56710246238
deuteronomy[n],1.56690403525
muster[n],1.56640686638
alarm[n],1.56621200907
attentive[j],1.5661806837
triad[n],1.56584918469
inundation[n],1.5657831114
marvelous[j],1.5649687296
waupegan[n],1.56491846996
hasisadra[n],1.56489067077
chancery[j],1.56436489628
recite[v],1.5641752356
auschwitz[n],1.5638319826
times[n],1.56319132014
priest-king[j],1.56249146025
taylorville[n],1.56236463316
gerex[n],1.56219517564
hymnal[j],1.56213859236
prefatory[j],1.56174100825
reconnoitring[n],1.56170062139
torvalds[n],1.56148972787
weather[n],1.56130128414
allot[v],1.56117486627
well-told[j],1.56103161057
dziemian[n],1.56081714402
daylight[n],1.56076218984
apocryphal[j],1.56038861206
intermittently[r],1.56016050288
manassas[n],1.55983475609
ljhedimitri[n],1.55945330991
strange[j],1.55921586897
opportunely[r],1.55894528561
lesson[n],1.55853002368
rôles[n],1.55822751104
bilek[n],1.55793797959
half-year[n],1.55778109374
nerve-racking[j],1.55744590348
fifth[j],1.55736198505
sledging[n],1.55665542008
uncelebrated[j],1.55664388431
demeanour[n],1.55659746623
seeress[n],1.55657018895
yorktown[n],1.55643763825
poem[n],1.55638893698
homeward[j],1.55516579856
callimena[n],1.55514711917
proximity[n],1.55513577994
bahai[n],1.55491791659
poltergeist[n],1.55488708757
hili-li[j],1.5547384497
expire[v],1.55452181724
sixtieth[j],1.55435655062
klan[n],1.55406977682
luni-solar[j],1.55385568087
fitly[r],1.55361576795
longest-lived[j],1.55347332979
unreward[v],1.55320154943
extant[j],1.55291989096
oblivion[n],1.55281046225
waltonville[n],1.55230864908
buchanans[n],1.55230093251
chequered[j],1.55195433309
fiism[n],1.55144238293
landing[n],1.55141363294
jameson[n],1.55119353396
gebhardt[n],1.55075511911
naval[j],1.55065805284
cibola[n],1.55059588325
rescue[n],1.5493991106
pantomimic[j],1.54937462561
pionius[n],1.54909491115
short[j],1.54907857147
trying[j],1.54889511309
densher[n],1.54885705832
pittsburgh[n],1.54833141452
forty-year[j],1.54800057608
gangazara[n],1.54778359537
jerusalem[n],1.54778346819
decipherment[n],1.54760299345
unamusing[j],1.54691926209
vestige[n],1.54689647747
re-write[v],1.54647315259
cruise[n],1.54639197971
pseudonymous[j],1.54613429464
life-drama[n],1.54602164222
seventy-eighth[j],1.54564872335
wiwin[n],1.54544561455
horoscope[n],1.54503755851
interminable[j],1.54483730597
stupendous[j],1.54470846003
accouchement[n],1.54449223244
publish[v],1.54447591586
counterstroke[n],1.54443049146
clemens[n],1.54442303973
isandhlwana[n],1.54441316303
saturnalia[n],1.54426567936
glance[n],1.54419985399
mid-october[n],1.54415793521
call[n],1.54363652049
diaghileff[n],1.54338117113
rochecotte[n],1.54307166308
onward[v],1.54303438041
hero-myth[n],1.5421856589
annalist[j],1.54193552817
quest[n],1.54165712242
násiri[n],1.54140329253
thursdays[n],1.54064789439
elaps[n],1.54045632162
prehistory[n],1.53977428163
mock-king[j],1.53972951416
lineup[n],1.53957894171
quote[v],1.53946948599
presenting[n],1.53930103556
book-production[n],1.539079132
horse-race[n],1.53906728601
watch-night[j],1.5390185964
recal[j],1.53876956329
lodgement[n],1.53874731665
inglesant[n],1.53842277384
judean[n],1.5379880308
chiefs[n],1.53752686423
sea-fight[n],1.53633865747
counter-march[n],1.5358860475
telegraphic[j],1.53560230722
twentieth[n],1.53533303971
background[n],1.53526175019
divertisement[n],1.53520383752
design[v],1.5351599136
unproduced[j],1.53509797168
sanetomo[n],1.53499857923
prefiguration[n],1.53488072234
prophetically[r],1.53462325116
fauna[n],1.5344224536
skazkas[n],1.53378435402
grant[v],1.53349155481
herald[v],1.53344299868
line[n],1.53314551001
pastime[n],1.53313901283
christmas-eve[n],1.53273462582
volume[n],1.53219391816
exploratory[n],1.53210747296
successor[n],1.53178688043
humorous[j],1.53166272074
miracle[n],1.53165929936
camping-ground[n],1.53137258018
staging[n],1.53118394779
fortieth[n],1.53031856508
dawn-breaker[n],1.5303100243
tercentenary[n],1.52967983665
close[j],1.52956639273
jehoiakim[n],1.52948418194
audiencia[n],1.52891371694
stopping-place[n],1.52864541805
bramleighs[n],1.52759468453
orgy[n],1.52745217892
devotional[j],1.52723318622
never-absent[j],1.52685074865
imprecatory[j],1.52636694576
long-desired[j],1.52620025054
muḥammadan[j],1.52617086641
twelvemonth[n],1.52599644173
tuscher[n],1.5247014733
rereading[n],1.52394040604
gilgamesh[n],1.52392633926
abenezra[n],1.52390137467
bousset[n],1.52369479113
kamakura[n],1.52362414211
feat[n],1.52305174706
arthurian[j],1.52290435807
last[r],1.52242740066
night-work[n],1.52234659756
mahayanist[n],1.5222265789
penitential[j],1.52162125971
stock-taking[n],1.52152612176
septenary[j],1.52129406697
hoang-ti[n],1.52102097416
chancellery[n],1.52039588486
socinios[n],1.52011036713
regnal[j],1.51998646672
by-gone[j],1.51906502469
honeymoon[n],1.5189113163
photo-play[j],1.51880122777
hittell[n],1.51827715354
thermometor[n],1.51818969656
scene-shifting[n],1.51725720545
execute[v],1.51715073788
clat[n],1.51703540255
scionwood[n],1.51697774667
second[j],1.5166063933
amusement[n],1.51655371649
lillehammer[n],1.51603225123
kowas[n],1.51589428303
serpollet[n],1.5158285619
arhat[n],1.51528397372
toili[n],1.51444421845
maimonides[n],1.51442005267
futteghur[n],1.51411252341
vicksburg[n],1.5139672241
voyaging[n],1.51387122055
avatar[n],1.51349268636
resemblances[n],1.51282419787
sign[n],1.51281076337
nightfall[n],1.5125418423
combatant[n],1.51244526333
ballou[n],1.51226396767
going[n],1.51206657712
jaimsie[n],1.51200661498
find[n],1.51171487176
riser[n],1.51160287525
custom[n],1.51154216007
circumnavigation[n],1.51088799724
peruse[v],1.51086605937
moment[n],1.51075528221
halleck[n],1.5104496927
liebeler[n],1.51010457657
disciples[n],1.50989087388
fascinating[j],1.50962245077
yasous[n],1.50948462078
orderville[n],1.50859648083
sepulture[n],1.50816058041
worked-out[j],1.50812957665
prom[v],1.50781348162
ngati-toa[n],1.50751967509
classroom[n],1.50745245805
mountain-climbing[n],1.50743213254
preaching[n],1.5073789586
afterwards[r],1.50729331134
charismata[n],1.50717033429
esmo[n],1.50690398287
mohra[n],1.50671289303
akashic[n],1.50560969541
faithfully[r],1.5054624718
antitype[n],1.50534641284
wickliff[n],1.5052324118
hollmann[n],1.50522339482
bouhe[n],1.50476502202
long[j],1.5046978683
bi-monthly[j],1.50466503195
freak[n],1.50434739025
extra-ordinary[j],1.50423831082
primacy[n],1.50300345013
isaiah[n],1.50263064369
serial[j],1.50220236463
kislev[n],1.501866894
jaimini[n],1.50170675773
lanzelet[n],1.50116714608
seven-day[j],1.50088259745
loyalism[n],1.50085922473
ford[n],1.50020444092
unforgettable[j],1.50017464272
zapruder[n],1.49979937324
download[n],1.49978923576
repertory[n],1.49971654432
snowstorm[n],1.49936122658
enigmatical[j],1.49852579591
novel[n],1.49809507686
amazing[j],1.49780482015
lamanite[n],1.49777331361
macbeth[n],1.49763434195
pause[n],1.49741587089
aerians[n],1.49735251536
christianised[j],1.49723124213
custom-house[j],1.49707558732
masonic[j],1.49707486065
sivaism[n],1.49672862899
molay[f],1.49649438094
non-aryan[n],1.49600008796
surprizing[n],1.49581341185
youngers[n],1.49543420552
missing[j],1.49517180862
snowfall[n],1.4943920737
reporter[n],1.49416357277
mozárabes[n],1.4941047512
oracular[j],1.49406665015
scenery[n],1.49388413486
henslee[n],1.49354864271
hundredth[j],1.49336809927
nearness[n],1.49335122651
photograph[v],1.49308773981
followup[j],1.49199369506
hezekiah[n],1.49148404362
voyager[n],1.49140349522
andana[n],1.49098475888
fellow-labourer[n],1.49066861927
shipboard[n],1.49066723998
wawruch[n],1.49051426287
nepcote[n],1.49049245092
animal-named[j],1.49044255797
twenty-one[c],1.49034384892
trilogy[n],1.49020220924
circuitous[j],1.49018144602
biographically[r],1.4896070328
way-station[n],1.48900490136
subchaser[n],1.48883880475
rapid[n],1.48852570104
camp[n],1.4885205482
ovation[n],1.48691918578
advance[v],1.48629473421
gospel[n],1.48611783149
mound-builders[n],1.48589691672
ezra[n],1.48553132293
sophoclean[j],1.48511004795
prodigy[n],1.48482595238
describe[v],1.4845527799
soul-sickness[n],1.48398457188
sennelager[n],1.483706925
thirteen[c],1.48368897061
regatta[n],1.48360431952
performance[n],1.48342357165
adar[n],1.48300039783
panorama[n],1.4829365011
eclat[n],1.48258600857
tracking[n],1.48238288078
unveiling[n],1.48214122033
palingenesia[n],1.48179884517
stampede[n],1.48108087448
summons[n],1.48088059893
bindlecombe[n],1.48054752657
commotion[n],1.47981535192
arrange[v],1.47976651344
addendum[n],1.4796499147
thanksgiving[j],1.47944123495
disinterment[n],1.47929269854
cross-channel[n],1.47880532037
slighest[j],1.4787679085
second[n],1.47785041246
after-time[n],1.47779366912
far-back[j],1.477760388
type-setter[n],1.47741618236
fostina[n],1.47719400508
aerodrome[n],1.47709187841
fenian[n],1.47706692793
free-speech[n],1.47622814231
begin[v],1.47552253195
nayríz[n],1.47487423725
metaphysical[n],1.47485566074
mid-day[n],1.47449724049
fellow-laborer[n],1.47444469701
party-giving[n],1.47433283105
tanyrallt[n],1.47421746344
chronologist[n],1.47390161089
muircheartach[n],1.47387689537
kempelen[n],1.47361512927
weekly[j],1.47326212289
karasjok[n],1.47305884886
fruitlands[n],1.47287364082
confirmation[n],1.47277742628
transpiring[n],1.47276497667
misdate[v],1.47252428358
truthful[j],1.4725109615
cult[n],1.47232158477
twenty-eighth[j],1.47167445618
macready[n],1.47143988691
lapton[n],1.47093639087
riper[n],1.47091833168
shackleton[n],1.47032029868
fifteenth[n],1.47005401705
twice-told[j],1.46962308472
war-party[n],1.46948353095
edison[n],1.46942589131
festive[j],1.46930245095
linger[v],1.46870246908
callippus[n],1.46869300921
ngai-tahu[n],1.46862883746
stormiest[j],1.46822787266
folk-custom[j],1.46809110123
roosevelt[n],1.46793990792
regular[j],1.46689707444
decennium[n],1.46677353337
marxsen[n],1.46658262641
feasting[n],1.46617591123
stanza[n],1.46529782251
unauthentic[j],1.46517700389
eventful[n],1.46496097236
waiting[n],1.46445736379
début[n],1.4641192695
dramatize[v],1.46409073193
baptize[v],1.463342987
deeply-interesting[j],1.46321301201
chronologer[n],1.46290868882
instant[j],1.46266883109
wounding[n],1.46234145454
peisistratus[n],1.46230699364
thus[r],1.46186130893
clardy[n],1.46146137489
allotted[j],1.4611121274
kanishka[n],1.46108458565
tableau[n],1.46103480679
azoic[j],1.46071201308
breaking[n],1.46070591715
mehevi[n],1.46027410522
tablet[n],1.45999262944
dramatise[v],1.4597731664
sinnett[n],1.45894967133
headline[n],1.45868918983
earthquake[n],1.45863415019
klause[n],1.45815711453
thrice-told[j],1.45814452662
wrede[n],1.4580570425
barendz[n],1.45753722312
newly-discovered[j],1.45735644111
zerubbabel[n],1.45709652681
epistle[n],1.45705721557
czermak[n],1.45700018445
assist[v],1.45694378775
eighteenth[n],1.45684822518
long-anticipated[j],1.45670484759
set-t[n],1.45620231612
sowing-time[n],1.45592019333
verse-writer[n],1.45505968022
double-header[n],1.45492290216
heroism[n],1.45474194868
semi-centennial[j],1.45465104753
sargon[n],1.45464844625
night-march[n],1.45445740723
kardec[n],1.45391033112
hammurabi[n],1.45380215928
retell[v],1.45349885145
battle-field[n],1.45340177894
book-market[n],1.45321775914
foedor[n],1.45316956145
difficulties[n],1.45316856904
train[n],1.45309980097
bárdsson[n],1.45250438408
reading-lesson[n],1.45243137945
sixty-eighth[j],1.45170154444
after-shock[n],1.45127265631
anonymous[j],1.45109120324
aviation[n],1.45107056336
lockhart[n],1.45073230679
branton[n],1.45050968954
waverley-honour[n],1.45045909642
hour[n],1.45036462383
fasting[n],1.45015436146
babad[n],1.45011896601
seventeenth[n],1.45006573136
whitsunday[n],1.45003035691
frolic[n],1.4499898148
samptor[n],1.4499426975
euphratean[j],1.44950294589
theudas[n],1.44940697104
amoraïm[n],1.44934314574
sixteenth[n],1.4484435721
path[n],1.44844290891
senussi[n],1.4484138559
knox[n],1.44832656205
thirty-first[n],1.44803538174
marvellous[j],1.44788046193
vraibleusia[n],1.44769402206
canoe-building[n],1.4473060182
fushimi[n],1.44722289941
gettysburg[n],1.4471433174
moving-picture[n],1.44640024747
emerge[v],1.44638940002
romance[n],1.44614738023
bibliographical[j],1.4460703737
kayab[n],1.44605969339
long-awaited[j],1.44582387695
annapolis[n],1.4456318576
embrace[v],1.44527788735
maccurdy[n],1.44507874202
trapping[n],1.44507382443
meantime[r],1.44479162825
zumalacarregui[n],1.44470680825
palæozoic[j],1.4446835162
adventure-loving[j],1.44448015503
apart[r],1.44435909201
ti-ping[j],1.44406326833
cannibalism[n],1.44385945871
talmudists[n],1.44383335895
disappoint[v],1.44358260744
follower[n],1.44330557739
contre-temp[n],1.44327214335
tammuz[n],1.44316910111
watching[n],1.44297982176
thirty-third[j],1.44294952803
cumhu[n],1.44252615873
night-march[j],1.44244227586
evangelists[n],1.44242163793
pitezel[n],1.442303524
epical[j],1.44183706388
foretime[n],1.44120612047
hill-tout[n],1.44119387809
school-keeping[n],1.44119198097
dustypore[n],1.44114563091
bibliography[n],1.44105169591
nazareth[n],1.44103350917
wartburg[n],1.44102493949
week-day[j],1.44052979774
leaving[n],1.44048145298
sidominadota[n],1.44017480549
peterloo[n],1.43946786621
rising[j],1.43877694857
prophesied[j],1.43826232846
parley[n],1.43782836621
study[v],1.43779139917
tally[n],1.43675875318
encyclical[j],1.43613734455
first-day[j],1.43596464657
lynx-eye[n],1.43576868146
canonization[n],1.4352882359
uncatalogued[j],1.43502351976
revelatory[j],1.43496367985
bull-fight[n],1.43439481795
coubitant[n],1.43360302731
seventy-fifth[j],1.43346667535
rifle-shooting[j],1.43320139219
fellow-exile[n],1.43285896693
boswellian[j],1.43282850778
fiesta[n],1.43267318374
solaris[n],1.43261155468
bhaktus[n],1.43239639664
durwood[n],1.43233415518
galilean[j],1.43226817298
herzl[n],1.43212881515
chief[j],1.43170969377
ice-age[j],1.43097311585
overrunning[n],1.43032944161
tippit[n],1.43029266592
twenty-first[n],1.42995930911
eightieth[n],1.42974316603
world-conqueror[n],1.4296161564
afion[n],1.42939878811
plagiarism[n],1.42921974612
egg-laying[j],1.42907358432
paralis[n],1.42901227175
partook[n],1.42887129015
rosicrucianism[n],1.42798369094
thirty-sixth[j],1.42789886511
chapters[n],1.42784793997
forward[v],1.42771871518
undergraduate[j],1.42750338028
twenty-nine[c],1.42735827013
verrier[n],1.42681864597
play-scene[n],1.42616204076
nantgwillt[n],1.42610649032
belated[j],1.42596130419
uneventfulness[n],1.42594134034
peary[n],1.42576667077
xviii[c],1.42567172404
shawwal[n],1.42553952198
prophet[n],1.42543497686
obituary[n],1.42534302671
judeo-christian[j],1.42519661011
occupy[v],1.42515724049
prisoner[n],1.42473145887
merna[n],1.4244931703
witchcraft[n],1.4244606641
show[n],1.42441890857
late[r],1.42424372319
straggler[n],1.42314772147
transport[n],1.42302096952
kilgariff[n],1.42294806651
liturgic[j],1.42283554833
bullers[n],1.42247384923
unattested[j],1.42219378426
long-distance[j],1.42212800334
life-time[j],1.42196137819
kellerman[n],1.42134387753
zoist[n],1.42114383024
lustration[n],1.41962750127
ambuscade[n],1.41946603446
diluvian[j],1.41940225763
shen-hui[n],1.41894358637
variety-show[n],1.41879638928
private[j],1.41875199324
kalends[n],1.41866338527
numbers[n],1.41800864184
olbers[n],1.41765829541
encipher[v],1.41764302317
five-reel[j],1.41688905252
brahmanic[j],1.41678185957
revelator[n],1.41663681905
puzzle[n],1.41654724721
kadis[n],1.41604545685
amusingly[r],1.41597731531
chélan[n],1.41532200384
cannonade[n],1.41522532515
peary[j],1.41519907051
patiently[r],1.41501295687
furlough[n],1.41494484135
oncoming[n],1.41483190321
nineteenth[n],1.41443430007
five-day[j],1.41440430953
brāhmans[n],1.41414908135
thirty-seven[c],1.41392702319
genrecsnav[n],1.41361025033
jemmison[n],1.41337426773
inning[n],1.41274724849
talmage[n],1.41250322652
gunboat[n],1.41245347695
durweish[n],1.41210741806
boonesborough[n],1.41187354126
pre-toltec[j],1.41184746028
counter-attack[n],1.41122749692
still-existing[j],1.41104548111
augarten[n],1.41099019353
fornander[n],1.41092292313
three-day[j],1.41090730407
levallon[n],1.40993849255
persons[n],1.40983243812
lustrum[n],1.40904367018
highly-gifted[j],1.40887489867
hortatory[j],1.40864429325
muḥammad[n],1.40840627354
genzabur[n],1.4083342781
week-night[j],1.40825242596
farmwork[n],1.40794396719
highly-placed[j],1.40784775348
galilæans[n],1.40689203366
radiates[n],1.40682735289
eartham[n],1.40681410591
perspicuous[n],1.40668755094
röckel[n],1.40641014752
preceeding[j],1.40640372897
mesuriers[n],1.40636053967
seventh-day[j],1.4063066659
forty-one[c],1.40608002939
joachitism[n],1.4060278241
tragi-comic[j],1.40528034572
dakianos[n],1.40499262925
converge[v],1.40498326597
conflagration[n],1.40468323842
thornley[n],1.40438294825
rosenberg[n],1.4042170441
frazier[n],1.40389528584
searcher[n],1.40374142199
lovzinski[n],1.40362079308
death-blow[n],1.40344968816
ninety-ninth[j],1.40332271077
autobiographer[n],1.40321820953
out-door[j],1.40320792041
oration[n],1.40319007376
passenger-carrying[j],1.40310277328
scout[v],1.4028989511
motorcade[n],1.4025148165
hazardously[r],1.40215725255
gleichenstein[n],1.40204850865
year-long[j],1.40200027053
camping[n],1.40172706777
drift[n],1.40146351554
merry-making[n],1.40143612596
shôgun[n],1.40128371587
siddharája[n],1.40092036477
epic[n],1.40065532757
heart-sinking[n],1.40063789651
cetinje[n],1.40038288037
flotilla[n],1.40022748764
notext[n],1.40018760084
foretelling[n],1.40016241969
fellow-teacher[n],1.39955466115
bhâgavata[n],1.39950659928
theatre-going[j],1.39939258179
lengthen[v],1.3992684758
divulged[j],1.39922786982
eulogy[n],1.39912883359
married[j],1.39911326869
sheldonian[n],1.39898006648
creation-story[n],1.39869126957
mid-day[j],1.39858051843
roundabout[j],1.39850474835
bible-class[n],1.398369766
memoirs[n],1.39830723769
sub-heading[n],1.39818214901
acordada[n],1.39816836371
overdrawn[j],1.39782558533
communion[n],1.39736455046
apollinarian[j],1.39710224323
homiletic[j],1.39705846096
piata[n],1.39682048089
funeral[j],1.39676742778
revivalist[n],1.3966385689
reconnaisance[n],1.39650689017
hasten[v],1.39621443486
catechising[n],1.3961195399
love-romance[n],1.39583459582
postnatal[j],1.3956013605
initial[v],1.39554572822
hyrum[n],1.39540560394
ghost-story[n],1.39525881335
ill-planned[j],1.39510675804
sleep-walking[n],1.39506978041
twenty-three[c],1.39501360877
well-known[j],1.39492703938
story-telling[j],1.39457363934
twenty-seventh[n],1.39450151524
upward[j],1.39448154374
congratulate[v],1.39415818377
publicly[r],1.39400663738
moses[n],1.39386768686
timloesville[n],1.39359842764
crossing[n],1.39352527985
frauenhofer[n],1.39341779488
abbotsford[n],1.39322949526
puttkamer[n],1.39318862311
apostatize[n],1.39298638505
appalling[j],1.39291498239
re-appear[j],1.39261850932
polycarp[n],1.39252703326
night-attack[j],1.39234329733
imagine[v],1.39185106867
giannoli[n],1.39157711044
appreciate[v],1.39124023107
hussitism[n],1.39096124382
baucalis[n],1.3908211121
chancellorsville[n],1.39071773493
josephus[n],1.39035592118
wallencamp[n],1.3898474726
sumerian[j],1.38984183763
receptor[n],1.3898058736
snow-storm[n],1.38966530898
ripening[j],1.38963509221
lengthy[n],1.38926668935
explosion[n],1.38925394049
railroad[n],1.38912812757
unperceived[j],1.38857722077
warn[v],1.38830378951
detachment[n],1.38819585175
heralding[n],1.3881295833
graef[n],1.38769955671
muhammadanism[n],1.38767812571
patent-office[n],1.38763702844
mesozoic[j],1.38754884382
vishnuites[n],1.38711758221
circumcision[n],1.38700033423
wegeler[n],1.3869095613
sidereal[n],1.38689147935
giannatasio[n],1.38682867086
reconsecration[n],1.38677414045
zechariah[n],1.38664547999
paschal[j],1.38659826959
congratulation[n],1.38656244478
scarcely[r],1.38650888658
ballarat[n],1.38650301512
venturesome[j],1.38621449064
short-story[n],1.38619578229
girlhood[n],1.38585210391
twenty-ninth[n],1.3857959959
vladika[n],1.3857771986
devotions[n],1.3855527163
steinheil[n],1.38536197225
hamburg-amerika[n],1.38505297358
bayreuth[n],1.38504892409
unidentified[j],1.38501797805
metaphase[n],1.38482856854
apostleship[n],1.38475820758
corner-stone[n],1.38469637466
invocation[n],1.38421646237
re-enforcement[n],1.38418700145
divulge[v],1.38397749996
ihrán[n],1.38379138984
antiochians[n],1.38374808844
hard-fought[j],1.38367004307
kilcash[n],1.38339094934
unbroken[j],1.38336624623
lodge[n],1.38324635322
azal[n],1.38322647014
disappearing[n],1.38287426235
re-baptism[n],1.38283684173
mordecai[n],1.38267387537
homeric[j],1.38228735477
hawthorne[n],1.38218584105
ancestor[n],1.38201796156
score[n],1.38188108146
karduchians[n],1.38180466864
tenor[n],1.38163424921
chicagoans[n],1.38157694692
antiquarian[j],1.38150398317
servatius[n],1.3811273901
judaean[n],1.38103339492
form[v],1.38092740536
casual[n],1.38089283961
much-disputed[j],1.38024091384
vacancy[n],1.38015639352
volcanic[j],1.37979669448
mírz[n],1.37946168313
pomological[j],1.37933834605
reconnoitr[v],1.37908090474
nirwana[n],1.37893443622
inhumation[n],1.37882051409
abiding[n],1.37867157823
specter[n],1.37865855286
nansen[n],1.37854012526
manœuvring[n],1.37852895665
sin-offering[n],1.37830668124
mission-work[n],1.37818617749
caniengas[n],1.37774793352
old-testament[j],1.3776833228
u-boat[j],1.37686349259
variant[n],1.37677455748
xxvii[c],1.37659686762
word[v],1.37653991043
literature[n],1.37650938077
roster[n],1.37557113108
spectrographic[j],1.37547380055
fillery[n],1.37520229071
uncover[v],1.37519825661
thirty-one[c],1.37491466517
unvisited[j],1.37430808422
personation[n],1.37380637534
ables[n],1.37354439841
meeting-place[n],1.37313114352
bartholomew[n],1.3730929432
triumph[n],1.37276155835
short-story[j],1.37267968074
land-population[n],1.37236334234
oedidee[n],1.37218835194
xxxvii[c],1.37190177655
safely[r],1.37129472468
telegram[n],1.37073741018
manœuvre[n],1.37047520755
fearful[j],1.37036253895
baha'u[n],1.37036128843
eleventh[n],1.36993317187
scawthorne[n],1.36983227323
sang-froid[j],1.3697107111
stillborn[j],1.36951871542
book-review[n],1.36903802509
totem[n],1.36894569017
advertisement[n],1.36880406649
atollo[n],1.3685882341
twenty-second[n],1.36842021813
ninewells[n],1.36834315886
loisillon[n],1.36812075798
ballantynes[n],1.36777626462
cligés[n],1.36774157972
visitant[n],1.3676967084
twenty[n],1.3676600421
tuskegee[n],1.36747775901
lucknow[n],1.3674225848
cigole[n],1.36735824808
frontiersman[n],1.36719787584
hyksôs[n],1.36710999776
tyler[n],1.36677549525
pleasure[n],1.36675587995
bryoni[n],1.36644057878
windstorm[n],1.36596182416
epact[n],1.36577878728
wrightstone[n],1.36559298353
lehi[n],1.36547102697
eighty-fourth[j],1.36544891944
tisri[n],1.36540853174
tyack[n],1.36535783097
incense-burning[n],1.36519111032
untenantable[j],1.36518554869
budhism[n],1.36513010527
wawenock[n],1.36508029455
balša[n],1.36472533419
fredericksburg[n],1.36454922197
photogram[n],1.36451263587
airman[n],1.36439449936
dead-reckoning[n],1.36414740751
sonata-form[n],1.36412667283
wijayo[n],1.36394981161
phonographic[j],1.36393883332
tale[n],1.36392920499
nabonidus[n],1.36386325705
tantric[j],1.36381030482
inspirit[v],1.36379656578
courier[n],1.36376173268
hosley[n],1.36364865911
embarking[n],1.3633418015
listener[n],1.3632162942
castelcicalan[n],1.36321445535
attentively[r],1.36307076035
schoolday[n],1.3628057996
pehi[n],1.36261946414
gayerson[n],1.36240915535
bodhidharma[n],1.36238208423
lischen[n],1.36236366189
excitingly[r],1.36218989753
microprosopus[n],1.36215677459
fate[v],1.36211991498
sounding[n],1.36185312293
monographic[j],1.36115826532
character-sketch[n],1.36097662322
consulate[n],1.3607674395
unrecord[v],1.36049449582
ternay[n],1.36018335771
separated[j],1.36017160959
song-writing[n],1.36012023607
devonham[n],1.36003964067
ostensibly[r],1.35985402371
book-illustration[n],1.35984103659
dispersed[j],1.35967401722
cœtus[n],1.3594163952
prologue[n],1.35919080836
victorians[n],1.35916664888
gentryville[n],1.35902551145
topagaruk[n],1.35900797414
korniloff[n],1.35852045686
totems[n],1.35851268586
escape[v],1.35850017645
outdoor[j],1.35849729401
nanda[n],1.35845168806
achaeus[n],1.35838758289
odd-fellows[n],1.35830129289
dinapoor[n],1.3582399656
first-born[j],1.35811181461
sorrowful[j],1.35760181465
tampu-tocco[n],1.35753299617
stenographic[j],1.35752918362
overtake[v],1.35726205131
remodel[n],1.35699359126
hara-kiri[n],1.35696256693
induct[v],1.35692457707
storm[n],1.35681276201
manetho[n],1.35636248004
taeping[j],1.35633036708
ages[n],1.35618928733
rambling[j],1.35611917588
baptizeth[v],1.35598972815
papers[n],1.35592333402
encke[n],1.35592216963
archonship[n],1.35591311092
gurlt[n],1.35590671079
geikie[n],1.35587620171
sledge-party[n],1.35567234596
secular[j],1.35552452703
atlanta[n],1.35457533138
fortnightly[j],1.35456474088
clan[n],1.35436230448
archibold[n],1.35433610525
hope-scott[n],1.35420618621
requicken[v],1.35414386054
afield[r],1.35386670516
khasisatra[n],1.35373599376
laupepa[n],1.35360065847
ablution[n],1.35347720066
brahms[n],1.35288320609
out-lived[j],1.35260562735
triune[n],1.35228591363
dositheans[n],1.35220255452
friendship[n],1.35212675131
hunter-naturalist[j],1.35186823577
gloomy[j],1.35174431947
entries[n],1.35165943834
recruiting[n],1.35143998376
melchizedek[n],1.35139917445
rayel[n],1.35136987433
sledge-journey[n],1.35123424944
