heat-gutenberg2-00005-20-gs,WESLEY.txt-989
heat-gutenberg2-00005-20-gs,THIRTY.txt-935
heat-gutenberg2-00005-20-gs,WESLEY.txt-987
heat-gutenberg2-00005-20-gs,PILGRIM.txt-499
heat-gutenberg2-00005-20-gs,THIRTY.txt-939
heat-gutenberg2-00005-20-gs,REMKEL2.txt-781
heat-gutenberg2-00005-20-gs,MASONB.txt-27
heat-gutenberg2-00005-20-gs,REMKEL2.txt-779
heat-gutenberg2-00005-20-gs,REMKEL2.txt-819
heat-gutenberg2-00005-20-gs,MASONB.txt-131
heat-gutenberg2-00005-20-gs,MASONB.txt-133
heat-gutenberg2-00005-20-gs,MASONB.txt-135
heat-gutenberg2-00005-20-gs,REMKEL2.txt-775
heat-gutenberg2-00005-20-gs,REMKEL2.txt-811
heat-gutenberg2-00005-20-gs,THIRTY.txt-897
heat-gutenberg2-00005-20-gs,REMKEL2.txt-777
heat-gutenberg2-00005-20-gs,THIRTY.txt-925
heat-gutenberg2-00005-20-gs,THIRTY.txt-923
heat-gutenberg2-00005-20-gs,THIRTY.txt-889
heat-gutenberg2-00005-20-gs,WESLEY.txt-999
heat-gutenberg2-00005-20-gs,THIRTY.txt-929
heat-gutenberg2-00005-20-gs,THIRTY.txt-927
heat-gutenberg2-00005-20-gs,WESLEY.txt-993
heat-gutenberg2-00005-20-gs,REOPER.txt-871
heat-gutenberg2-00005-20-gs,WESLEY.txt-991
heat-gutenberg2-00005-20-gs,WESLEY.txt-995
heat-gutenberg2-00005-20-gs,MASONB.txt-39
heat-gutenberg2-00005-20-gs,REMKEL2.txt-823
heat-gutenberg2-00005-20-gs,REOPER.txt-879
heat-gutenberg2-00005-20-gs,MASONB.txt-121
heat-gutenberg2-00005-20-gs,REMKEL2.txt-783
heat-gutenberg2-00005-20-gs,MASONB.txt-31
heat-gutenberg2-00005-20-gs,RECMUS.txt-557
heat-gutenberg2-00005-20-gs,REMKEL2.txt-821
heat-gutenberg2-00005-20-gs,THIRTY.txt-911
heat-gutenberg2-00005-20-gs,GLOVER.txt-1
heat-gutenberg2-00005-20-gs,THIRTY.txt-917
heat-gutenberg2-00005-20-gs,THIRTY.txt-915
heat-gutenberg2-00005-20-gs,MEMMUS.txt-279
heat-gutenberg2-00005-20-gs,MULIFE.txt-359
heat-gutenberg2-00005-20-gs,REOPER.txt-863
heat-gutenberg2-00005-20-gs,MEMMUS.txt-277
heat-gutenberg2-00005-20-gs,REOPER.txt-861
heat-gutenberg2-00005-20-gs,THIRTY.txt-919
heat-gutenberg2-00005-20-gs,MEMMUS.txt-309
heat-gutenberg2-00005-20-gs,REMKEL2.txt-759
heat-gutenberg2-00005-20-gs,REOPER.txt-869
heat-gutenberg2-00005-20-gs,MASONB.txt-89
heat-gutenberg2-00005-20-gs,MASONB.txt-155
heat-gutenberg2-00005-20-gs,REMKEL2.txt-751
heat-gutenberg2-00005-20-gs,THIRTY.txt-905
heat-gutenberg2-00005-20-gs,REOPER.txt-851
heat-gutenberg2-00005-20-gs,REMKEL2.txt-809
heat-gutenberg2-00005-20-gs,THIRTY.txt-909
heat-gutenberg2-00005-20-gs,REMKEL1.txt-671
heat-gutenberg2-00005-20-gs,REOPER.txt-855
heat-gutenberg2-00005-20-gs,RECMUS.txt-617
heat-gutenberg2-00005-20-gs,REMKEL2.txt-769
heat-gutenberg2-00005-20-gs,MASONB.txt-17
heat-gutenberg2-00005-20-gs,MEMMUS.txt-319
heat-gutenberg2-00005-20-gs,MULIFE.txt-341
heat-gutenberg2-00005-20-gs,REMKEL1.txt-669
heat-gutenberg2-00005-20-gs,REOPER.txt-857
heat-gutenberg2-00005-20-gs,MASONB.txt-19
heat-gutenberg2-00005-20-gs,REMKEL2.txt-803
heat-gutenberg2-00005-20-gs,MULIFE.txt-345
heat-gutenberg2-00005-20-gs,MASONB.txt-15
heat-gutenberg2-00005-20-gs,MULIFE.txt-347
heat-gutenberg2-00005-20-gs,GLOVER.txt-5
heat-gutenberg2-00005-20-gs,REMKEL1.txt-707
heat-gutenberg2-00005-20-gs,MASONB.txt-145
heat-gutenberg2-00005-20-gs,RECMUS.txt-611
heat-gutenberg2-00005-20-gs,MASONB.txt-99
heat-gutenberg2-00005-20-gs,GLOVER.txt-7
heat-gutenberg2-00005-20-gs,GRONOW.txt-9
heat-gutenberg2-00005-20-gs,MASONB.txt-217
heat-gutenberg2-00005-20-gs,THIRTY.txt-977
heat-gutenberg2-00005-20-gs,REOPER.txt-841
heat-gutenberg2-00005-20-gs,REMKEL1.txt-683
heat-gutenberg2-00005-20-gs,REOPER.txt-845
heat-gutenberg2-00005-20-gs,MUSING.txt-391
heat-gutenberg2-00005-20-gs,RECMUS.txt-529
heat-gutenberg2-00005-20-gs,REMKEL1.txt-677
heat-gutenberg2-00005-20-gs,REMKEL1.txt-679
heat-gutenberg2-00005-20-gs,MASONB.txt-171
heat-gutenberg2-00005-20-gs,MASONB.txt-173
heat-gutenberg2-00005-20-gs,RECMUS.txt-523
heat-gutenberg2-00005-20-gs,MASONB.txt-179
heat-gutenberg2-00005-20-gs,REMKEL2.txt-733
heat-gutenberg2-00005-20-gs,TWOMEN.txt-985
heat-gutenberg2-00005-20-gs,MUSREM.txt-441
heat-gutenberg2-00005-20-gs,TWOMEN.txt-981
heat-gutenberg2-00005-20-gs,REMKEL1.txt-691
heat-gutenberg2-00005-20-gs,MUSREM.txt-445
heat-gutenberg2-00005-20-gs,REMKEL1.txt-689
heat-gutenberg2-00005-20-gs,REMKEL2.txt-747
heat-gutenberg2-00005-20-gs,REMKEL2.txt-749
heat-gutenberg2-00005-20-gs,REOPER.txt-835
heat-gutenberg2-00005-20-gs,MASONB.txt-161
heat-gutenberg2-00005-20-gs,MASONB.txt-79
heat-gutenberg2-00005-20-gs,REOPER.txt-839
heat-gutenberg2-00005-20-gs,PILGRIM.txt-505
heat-gutenberg2-00005-20-gs,REMKEL2.txt-741
heat-gutenberg2-00005-20-gs,MASONB.txt-77
heat-gutenberg2-00005-20-gs,REMKEL2.txt-743
heat-gutenberg2-00005-20-gs,THIRTY.txt-965
heat-gutenberg2-00005-20-gs,RECMUS.txt-595
heat-gutenberg2-00005-20-gs,MASONB.txt-73
heat-gutenberg2-00005-20-gs,REOPER.txt-827
heat-gutenberg2-00005-20-gs,MASONB.txt-195
heat-gutenberg2-00005-20-gs,MEMMUS.txt-225
heat-gutenberg2-00005-20-gs,REMKEL1.txt-697
heat-gutenberg2-00005-20-gs,MASONB.txt-41
heat-gutenberg2-00005-20-gs,MASONB.txt-197
heat-gutenberg2-00005-20-gs,REMKEL2.txt-793
heat-gutenberg2-00005-20-gs,MASONB.txt-43
heat-gutenberg2-00005-20-gs,RECMUS.txt-545
heat-gutenberg2-00005-20-gs,MASONB.txt-111
heat-gutenberg2-00005-20-gs,MASONB.txt-113
heat-gutenberg2-00005-20-gs,RECMUS.txt-541
heat-gutenberg2-00005-20-gs,REMKEL2.txt-799
heat-gutenberg2-00005-20-gs,REMKEL2.txt-729
heat-gutenberg2-00005-20-gs,MULIFE.txt-389
heat-gutenberg2-00005-20-gs,MASONB.txt-187
heat-gutenberg2-00005-20-gs,RECMUS.txt-535
heat-gutenberg2-00005-20-gs,THIRTY.txt-943
heat-gutenberg2-00005-20-gs,MASONB.txt-105
heat-gutenberg2-00005-20-gs,THIRTY.txt-941
heat-gutenberg2-00005-20-gs,MULIFE.txt-383
rf--le-reu-red--le10k-gs,RECOLL.txt-639
rf--le-reu-red--le10k-gs,REMKEL2.txt-799
