"http://dbpedia.org/resource/Fife",1
"http://dbpedia.org/resource/Mem",1
"http://dbpedia.org/resource/Caesium",1
"http://dbpedia.org/resource/Kinship",2
"http://dbpedia.org/resource/Agencja_Wywiadu",1
"http://dbpedia.org/resource/Shang_Dynasty",1
"http://dbpedia.org/resource/Foot-candle",7
"http://dbpedia.org/resource/Romanization_of_Russian",1
"http://dbpedia.org/resource/Chicago_Transit_Authority",1
"http://dbpedia.org/resource/Aluminium",1
"http://dbpedia.org/resource/Institute_of_Electrical_and_Electronics_Engineers",1
"http://dbpedia.org/resource/AZS_Częstochowa",1
"http://dbpedia.org/resource/Adamson_University",1
"http://dbpedia.org/resource/FN_Herstal",1
"http://dbpedia.org/resource/Base_(chemistry)",1
"http://dbpedia.org/resource/The_Jewish_Chronicle",2
"http://dbpedia.org/resource/Sign_function",1
"http://dbpedia.org/resource/Legislature",1
"http://dbpedia.org/resource/RT_(TV_network)",1
"http://dbpedia.org/resource/Intellectual_giftedness",1
"http://dbpedia.org/resource/Russian_Premier_League",1
"http://dbpedia.org/resource/Tetrodotoxin",1
"http://dbpedia.org/resource/C_minor",1
"http://dbpedia.org/resource/Swedish_Trade_Union_Confederation",1
"http://dbpedia.org/resource/Ezra–Nehemiah",3
"http://dbpedia.org/resource/Midfielder",1
"http://dbpedia.org/resource/Continuity_of_Care_Record",1
"http://dbpedia.org/resource/Radiotelevisione_svizzera",1
"http://dbpedia.org/resource/Xiong_(surname)",1
"http://dbpedia.org/resource/Troy_ounce",1
"http://dbpedia.org/resource/Ay,_Marne",1
"http://dbpedia.org/resource/Law",1
"http://dbpedia.org/resource/Wang_Feifei",1
"http://dbpedia.org/resource/Au_jus",1
"http://dbpedia.org/resource/66A",1
"http://dbpedia.org/resource/International_Handball_Federation",1
"http://dbpedia.org/resource/Electronic_Arts",1
"http://dbpedia.org/resource/Miss",1
"http://dbpedia.org/resource/Copying",1
"http://dbpedia.org/resource/Independent_Television_Authority",1
"http://dbpedia.org/resource/Diamond_cut",1
"http://dbpedia.org/resource/Canadian_Soccer_League",1
"http://dbpedia.org/resource/Fasti",1
"http://dbpedia.org/resource/Doing_business_as",1
"http://dbpedia.org/resource/AVRI",1
"http://dbpedia.org/resource/International_Committee_of_the_Red_Cross",1
"http://dbpedia.org/resource/Lithium",1
"http://dbpedia.org/resource/Los_(Blake)",1
"http://dbpedia.org/resource/List_of_World_War_II_convoy_codes",1
"http://dbpedia.org/resource/Goodness_of_fit",2
"http://dbpedia.org/resource/Jo_Grant",1
"http://dbpedia.org/resource/StB",1
"http://dbpedia.org/resource/Celsius",2
"http://dbpedia.org/resource/Signed_zero",4
"http://dbpedia.org/resource/X",1
"http://dbpedia.org/resource/Lady_(word)",2
"http://dbpedia.org/resource/Isle_of_Man_TT",6
"http://dbpedia.org/resource/Java_Metadata_Interface",1
"http://dbpedia.org/resource/Litchfield,_Connecticut",1
"http://dbpedia.org/resource/Heart",1
"http://dbpedia.org/resource/Haplogroup_L-M20",1
"http://dbpedia.org/resource/Miao_people",1
"http://dbpedia.org/resource/European_Economic_Community",1
"http://dbpedia.org/resource/United_Artists",1
"http://dbpedia.org/resource/Factor_IX",1
"http://dbpedia.org/resource/Out_(magazine)",1
"http://dbpedia.org/resource/Ampere",2
"http://dbpedia.org/resource/Su_(Unix)",2
"http://dbpedia.org/resource/J/Z_(New_York_City_Subway_service)",2
"http://dbpedia.org/resource/Rio_de_Janeiro_(state)",1
"http://dbpedia.org/resource/Wisconsin",1
"http://dbpedia.org/resource/Fédération_Internationale_d'Escrime",1
"http://dbpedia.org/resource/Oxygen",2
"http://dbpedia.org/resource/Japan_Soccer_League",1
"http://dbpedia.org/resource/5T_(gang)",1
"http://dbpedia.org/resource/Yi_(Confucianism)",3
"http://dbpedia.org/resource/Scion_tC",2
"http://dbpedia.org/resource/Carbon_copy",2
"http://dbpedia.org/resource/Columbus,_Ohio",1
"http://dbpedia.org/resource/Johan_Lindeberg",7
"http://dbpedia.org/resource/Librarian",1
"http://dbpedia.org/resource/Virtue",1
"http://dbpedia.org/resource/Low_frequency",1
"http://dbpedia.org/resource/Ix_(Dune)",2
"http://dbpedia.org/resource/Wyoming",1
"http://dbpedia.org/resource/Kite",1
"http://dbpedia.org/resource/Special_Judicial_Squad",1
"http://dbpedia.org/resource/Cobalt",2
"http://dbpedia.org/resource/Transports_en_Commun_de_l'Agglomération_Rouennaise",1
"http://dbpedia.org/resource/Kilometre",1
"http://dbpedia.org/resource/Mind",1
"http://dbpedia.org/resource/-ji",8
"http://dbpedia.org/resource/Jamaican_dollar",2
"http://dbpedia.org/resource/Light-sport_aircraft",1
"http://dbpedia.org/resource/Lia_(singer)",1
"http://dbpedia.org/resource/Terminal_deoxynucleotidyl_transferase",1
"http://dbpedia.org/resource/Esteghlal_F.C.",1
"http://dbpedia.org/resource/0_(number)",1
"http://dbpedia.org/resource/New_Latin",1
"http://dbpedia.org/resource/Tit_(bird)",3
"http://dbpedia.org/resource/Shield",1
"http://dbpedia.org/resource/Death_in_June",1
"http://dbpedia.org/resource/C&",1
"http://dbpedia.org/resource/International_Young_Physicists'_Tournament",1
"http://dbpedia.org/resource/Sty",1
"http://dbpedia.org/resource/Millimetre",1
"http://dbpedia.org/resource/Operating_Thetan",4
"http://dbpedia.org/resource/American_Academy_of_Underwater_Sciences",1
"http://dbpedia.org/resource/Wim_Schröder",1
"http://dbpedia.org/resource/Buckler",1
"http://dbpedia.org/resource/X-ray_computed_tomography",2
"http://dbpedia.org/resource/University_of_Guyana",1
"http://dbpedia.org/resource/John_Dear",1
"http://dbpedia.org/resource/Pork",1
"http://dbpedia.org/resource/Ampere-turn",3
"http://dbpedia.org/resource/Intercollegiate_Tennis_Association",1
"http://dbpedia.org/resource/Japan_Football_League_(1992–98)",1
"http://dbpedia.org/resource/Telekom_Malaysia",1
"http://dbpedia.org/resource/Vermont",1
"http://dbpedia.org/resource/Order_of_the_Arrow",2
"http://dbpedia.org/resource/Suva",1
"http://dbpedia.org/resource/Inter-Asterisk_eXchange",1
"http://dbpedia.org/resource/AK-47",1
"http://dbpedia.org/resource/George_Costanza",2
"http://dbpedia.org/resource/Animorphs",1
"http://dbpedia.org/resource/Standard_Widget_Toolkit",1
"http://dbpedia.org/resource/Omroep_NTR",1
"http://dbpedia.org/resource/Acura_TLX",1
"http://dbpedia.org/resource/Artillery_observer",1
"http://dbpedia.org/resource/John_Hurt",1
"http://dbpedia.org/resource/Land_lot",1
"http://dbpedia.org/resource/Constructive_set_theory",2
"http://dbpedia.org/resource/Teaching_assistant",3
"http://dbpedia.org/resource/Us_Weekly",1
"http://dbpedia.org/resource/Radio_Televisyen_Malaysia",1
"http://dbpedia.org/resource/Filmjölk",1
"http://dbpedia.org/resource/Sarah_Connor_(Terminator)",1
"http://dbpedia.org/resource/Round-trip_delay_time",1
"http://dbpedia.org/resource/Tagged_Image_File_Format",1
"http://dbpedia.org/resource/Nehemiah",1
"http://dbpedia.org/resource/If_(Janet_Jackson_song)",1
"http://dbpedia.org/resource/Automated_teller_machine",1
"http://dbpedia.org/resource/Boise_State_University",1
"http://dbpedia.org/resource/Jones_Radio_Networks",2
"http://dbpedia.org/resource/Keening",1
"http://dbpedia.org/resource/Atomic_mass_unit",1
"http://dbpedia.org/resource/Techint",1
"http://dbpedia.org/resource/Archaeological_Survey_of_India",1
"http://dbpedia.org/resource/Straight-six_engine",1
"http://dbpedia.org/resource/Ms._(magazine)",1
"http://dbpedia.org/resource/Westerfield",2
"http://dbpedia.org/resource/Identity_matrix",1
"http://dbpedia.org/resource/I2_Technologies",1
"http://dbpedia.org/resource/Volcanic_Explosivity_Index",1
"http://dbpedia.org/resource/International_Finance_Corporation",1
"http://dbpedia.org/resource/Bangor,_Maine",1
"http://dbpedia.org/resource/ATV_(Turkey)",1
"http://dbpedia.org/resource/Institutional_investor",1
"http://dbpedia.org/resource/VM_(operating_system)",1
"http://dbpedia.org/resource/Arachidonic_acid",1
"http://dbpedia.org/resource/Arabic_language",2
"http://dbpedia.org/resource/Astronomical_unit",1
"http://dbpedia.org/resource/Margaret_Fuller",1
"http://dbpedia.org/resource/Optical_coherence_tomography",1
"http://dbpedia.org/resource/Sinclair_QL",1
"http://dbpedia.org/resource/Porphyrazine",1
"http://dbpedia.org/resource/Caroline_Williams",1
"http://dbpedia.org/resource/Ci_(poetry)",5
"http://dbpedia.org/resource/Ao_(turtle)",2
"http://dbpedia.org/resource/Shared_universe",1
"http://dbpedia.org/resource/List_of_Degrassi:_The_Next_Generation_characters",2
"http://dbpedia.org/resource/Toyota_JZ_engine",1
"http://dbpedia.org/resource/U6_(Berlin_U-Bahn)",1
"http://dbpedia.org/resource/Rack_unit",1
"http://dbpedia.org/resource/C4_carbon_fixation",1
"http://dbpedia.org/resource/Isaiah",2
"http://dbpedia.org/resource/Asian_Rugby_Football_Union",1
"http://dbpedia.org/resource/Soul",1
"http://dbpedia.org/resource/Jason",1
"http://dbpedia.org/resource/Thrust_specific_fuel_consumption",1
"http://dbpedia.org/resource/World_War_II",1
"http://dbpedia.org/resource/FX_(TV_channel)",1
"http://dbpedia.org/resource/Joule",3
"http://dbpedia.org/resource/Kennebec_River",1
"http://dbpedia.org/resource/IFK_Göteborg",1
"http://dbpedia.org/resource/Æsir",1
"http://dbpedia.org/resource/Power_(social_and_political)",1
"http://dbpedia.org/resource/Ae,_Scotland",1
"http://dbpedia.org/resource/Fax",1
"http://dbpedia.org/resource/Vulgar_Latin",1
"http://dbpedia.org/resource/Fat",5
"http://dbpedia.org/resource/Tele-Communications_Inc.",1
"http://dbpedia.org/resource/Joseph_Stalin",1
"http://dbpedia.org/resource/Mitochondrion",1
"http://dbpedia.org/resource/Backspace",1
"http://dbpedia.org/resource/Livre_tournois",5
"http://dbpedia.org/resource/European_Committee_for_Standardization",1
"http://dbpedia.org/resource/Od_(Unix)",1
"http://dbpedia.org/resource/Adult_contemporary_music",1
"http://dbpedia.org/resource/Canon_PowerShot_S",1
"http://dbpedia.org/resource/Ammit",1
"http://dbpedia.org/resource/Electronvolt",1
"http://dbpedia.org/resource/Tor_(rock_formation)",1
"http://dbpedia.org/resource/Plural",1
"http://dbpedia.org/resource/American_Society_of_Cinematographers",1
"http://dbpedia.org/resource/William_Pitt_the_Younger",1
"http://dbpedia.org/resource/Principal_investigator",1
"http://dbpedia.org/resource/Sliding_knife",1
"http://dbpedia.org/resource/University_of_Oxford",1
"http://dbpedia.org/resource/Fire",1
"http://dbpedia.org/resource/Bathtub",1
"http://dbpedia.org/resource/LTE_(telecommunication)",1
"http://dbpedia.org/resource/Common_Technical_Document",1
"http://dbpedia.org/resource/Metre",1
"http://dbpedia.org/resource/Fofa,_Ethiopia",1
"http://dbpedia.org/resource/Sergeant",1
"http://dbpedia.org/resource/24_(TV_series)",1
"http://dbpedia.org/resource/Messaging_spam",1
"http://dbpedia.org/resource/Friendship",1
"http://dbpedia.org/resource/Radio_frequency",1
"http://dbpedia.org/resource/Major",1
"http://dbpedia.org/resource/Deborah_Allen",1
"http://dbpedia.org/resource/Set_(mythology)",1
"http://dbpedia.org/resource/Fédération_Cynologique_Internationale",1
"http://dbpedia.org/resource/First-class_cricket",1
"http://dbpedia.org/resource/Generosity",1
"http://dbpedia.org/resource/University_of_Colorado_at_Boulder",2
"http://dbpedia.org/resource/United_Nations",1
"http://dbpedia.org/resource/Parvati",1
"http://dbpedia.org/resource/Rowley,_Massachusetts",2
"http://dbpedia.org/resource/Belfast",3
"http://dbpedia.org/resource/Californium",1
"http://dbpedia.org/resource/Haplogroup_U_(mtDNA)",1
"http://dbpedia.org/resource/Tokyo_Metro",2
"http://dbpedia.org/resource/Standard_Template_Library",1
"http://dbpedia.org/resource/James_Edward_Smith",1
"http://dbpedia.org/resource/City",1
"http://dbpedia.org/resource/Oud",2
"http://dbpedia.org/resource/Inline-four_engine",2
"http://dbpedia.org/resource/Ai_(singer)",2
"http://dbpedia.org/resource/List_of_Xenosaga_characters",1
"http://dbpedia.org/resource/Fermi–Ulam_model",1
"http://dbpedia.org/resource/1",1
"http://dbpedia.org/resource/British_Thomson-Houston",1
"http://dbpedia.org/resource/Independent_and_identically_distributed_random_variables",1
"http://dbpedia.org/resource/4",1
"http://dbpedia.org/resource/Library",1
"http://dbpedia.org/resource/Philip_Sidney",1
"http://dbpedia.org/resource/Mass_(Bernstein)",1
"http://dbpedia.org/resource/Order_of_Jamaica",2
"http://dbpedia.org/resource/Compact_disc",1
"http://dbpedia.org/resource/Mr.",2
"http://dbpedia.org/resource/Kos",1
"http://dbpedia.org/resource/SU_Carburettor",1
"http://dbpedia.org/resource/Calcium",2
"http://dbpedia.org/resource/Internet_Group",2
"http://dbpedia.org/resource/Gospel_of_John",1
"http://dbpedia.org/resource/Silicon",1
"http://dbpedia.org/resource/Urban_area",1
"http://dbpedia.org/resource/Trinity_Broadcasting_Network",1
"http://dbpedia.org/resource/Cyclopentadiene",1
"http://dbpedia.org/resource/S_band",1
"http://dbpedia.org/resource/Bundesautobahn_4",1
"http://dbpedia.org/resource/AAR_wheel_arrangement",1
"http://dbpedia.org/resource/EC_Comics",2
"http://dbpedia.org/resource/Heroes_of_Newerth",1
"http://dbpedia.org/resource/Districts_of_Mongolia",1
"http://dbpedia.org/resource/Airports_of_Thailand",1
"http://dbpedia.org/resource/Saint_Timothy",1
"http://dbpedia.org/resource/Nun",1
"http://dbpedia.org/resource/New_York_City",1
"http://dbpedia.org/resource/List_of_The_Jungle_Book_characters",1
"http://dbpedia.org/resource/Bundesautobahn_7",1
"http://dbpedia.org/resource/Gramophone_record",1
"http://dbpedia.org/resource/Genus",1
"http://dbpedia.org/resource/Li_(unit)",1
"http://dbpedia.org/resource/Formula_One_Group",1
"http://dbpedia.org/resource/Selective_catalytic_reduction",1
"http://dbpedia.org/resource/Numerical_control",1
"http://dbpedia.org/resource/Copper",1
"http://dbpedia.org/resource/Faroe_Islands",3
"http://dbpedia.org/resource/Oui_(magazine)",1
"http://dbpedia.org/resource/International_Paralympic_Committee",1
"http://dbpedia.org/resource/Very_(Pet_Shop_Boys_album)",1
"http://dbpedia.org/resource/Wales_national_rugby_union_team",1
"http://dbpedia.org/resource/Czech_language",4
"http://dbpedia.org/resource/Cit_(consciousness)",1
"http://dbpedia.org/resource/Digital_television",1
"http://dbpedia.org/resource/Rugby_Football_League",1
"http://dbpedia.org/resource/Publishing",1
"http://dbpedia.org/resource/Ununseptium",1
"http://dbpedia.org/resource/Thomas_Clifford,_1st_Baron_Clifford_of_Chudleigh",1
"http://dbpedia.org/resource/Open_Biomedical_Ontologies",2
"http://dbpedia.org/resource/Tamil_language",1
"http://dbpedia.org/resource/Member_of_Parliament",1
"http://dbpedia.org/resource/Photodetector",1
"http://dbpedia.org/resource/Tesla_(unit)",1
"http://dbpedia.org/resource/ILT",1
"http://dbpedia.org/resource/Supply_(economics)",1
"http://dbpedia.org/resource/Ernst_&_Young",1
"http://dbpedia.org/resource/Grass",2
"http://dbpedia.org/resource/Cerium",2
"http://dbpedia.org/resource/Homestead_(buildings)",1
"http://dbpedia.org/resource/Jewish_Theological_Seminary_of_America",1
"http://dbpedia.org/resource/Selected_reaction_monitoring",1
"http://dbpedia.org/resource/Division_I_(NCAA)",1
"http://dbpedia.org/resource/Casuarinaceae",1
"http://dbpedia.org/resource/Yin_and_yang",1
"http://dbpedia.org/resource/Tee",1
"http://dbpedia.org/resource/Abraham",1
"http://dbpedia.org/resource/The_Zeitgeist_Movement",1
"http://dbpedia.org/resource/Abuse",1
"http://dbpedia.org/resource/Fir",2
"http://dbpedia.org/resource/IOU",1
"http://dbpedia.org/resource/International_unit",1
"http://dbpedia.org/resource/SchoolMATE",1
"http://dbpedia.org/resource/Horus_Sa",1
"http://dbpedia.org/resource/Cousin",1
"http://dbpedia.org/resource/Times_Higher_Education",1
"http://dbpedia.org/resource/Matrilineality",1
"http://dbpedia.org/resource/Wireless_distribution_system",1
"http://dbpedia.org/resource/Astatine",1
"http://dbpedia.org/resource/Seoul_National_University",1
"http://dbpedia.org/resource/Digital_Linear_Tape",1
"http://dbpedia.org/resource/Ny_(digraph)",1
"http://dbpedia.org/resource/Michigan_State_University",1
"http://dbpedia.org/resource/Glossary_of_ancient_Roman_religion",1
"http://dbpedia.org/resource/Oa",1
"http://dbpedia.org/resource/The_Reverend",2
"http://dbpedia.org/resource/Light-year",2
"http://dbpedia.org/resource/Federation_of_International_Lacrosse",1
"http://dbpedia.org/resource/Sandwich",1
"http://dbpedia.org/resource/Williams_F1",1
"http://dbpedia.org/resource/Flat-four_engine",2
"http://dbpedia.org/resource/TVT_Records",2
"http://dbpedia.org/resource/Java_Foundation_Classes",1
"http://dbpedia.org/resource/Mayor",1
"http://dbpedia.org/resource/Tote_bag",1
"http://dbpedia.org/resource/Bond_credit_rating",1
"http://dbpedia.org/resource/Bis_(band)",1
"http://dbpedia.org/resource/Intelligence",1
"http://dbpedia.org/resource/Koine_Greek",1
"http://dbpedia.org/resource/Zimbabwe",1
"http://dbpedia.org/resource/Platinum",1
"http://dbpedia.org/resource/Santa_Clara_Valley_Transportation_Authority",1
"http://dbpedia.org/resource/Sjogren_syndrome_antigen_B",1
"http://dbpedia.org/resource/University_of_California",1
"http://dbpedia.org/resource/Pi",1
"http://dbpedia.org/resource/The_Honourable",2
"http://dbpedia.org/resource/Master_of_Studies",1
"http://dbpedia.org/resource/High_Street",1
"http://dbpedia.org/resource/Dominion_Land_Survey",1
"http://dbpedia.org/resource/List_of_Latin-script_digraphs",10
"http://dbpedia.org/resource/INT_(x86_instruction)",1
"http://dbpedia.org/resource/IJ_(digraph)",2
"http://dbpedia.org/resource/Interborough_Rapid_Transit_Company",1
"http://dbpedia.org/resource/Organization_of_American_States",1
"http://dbpedia.org/resource/KVI",1
"http://dbpedia.org/resource/Iru_(food)",1
"http://dbpedia.org/resource/American_Ornithologists'_Union",1
"http://dbpedia.org/resource/Dd_(Unix)",1
"http://dbpedia.org/resource/Barn_(unit)",1
"http://dbpedia.org/resource/Association_football",6
"http://dbpedia.org/resource/JLA_(comic_book)",1
"http://dbpedia.org/resource/Intel_Ct",2
"http://dbpedia.org/resource/Fillet_(cut)",1
"http://dbpedia.org/resource/Cel",1
"http://dbpedia.org/resource/Qi",1
"http://dbpedia.org/resource/Federation_of_International_Bandy",1
"http://dbpedia.org/resource/Victoria_Cross",1
"http://dbpedia.org/resource/Direct_current",1
"http://dbpedia.org/resource/Atari_TOS",1
"http://dbpedia.org/resource/Fact",1
"http://dbpedia.org/resource/Swiss_franc",1
"http://dbpedia.org/resource/People's_Liberation_Army",1
"http://dbpedia.org/resource/Virginia_Hill",1
"http://dbpedia.org/resource/American_Institute_of_Architects",1
"http://dbpedia.org/resource/Ballet_tutu",1
"http://dbpedia.org/resource/H-I",1
"http://dbpedia.org/resource/UL_(safety_organization)",3
"http://dbpedia.org/resource/Tropical_savanna_climate",1
"http://dbpedia.org/resource/Vit",1
"http://dbpedia.org/resource/Sword",1
"http://dbpedia.org/resource/The_Filipino_Channel",2
"http://dbpedia.org/resource/World_Customs_Organization",1
"http://dbpedia.org/resource/Jonathan_Belcher",3
"http://dbpedia.org/resource/Mrs.",4
"http://dbpedia.org/resource/Centimorgan",1
"http://dbpedia.org/resource/Laa_an_der_Thaya",1
"http://dbpedia.org/resource/Tii",1
"http://dbpedia.org/resource/Institute_of_Commercial_Management",1
"http://dbpedia.org/resource/ILA_Berlin_Air_Show",1
"http://dbpedia.org/resource/Ford_FE_engine",5
"http://dbpedia.org/resource/Amalgamated_Engineering_and_Electrical_Union",1
"http://dbpedia.org/resource/Pā_(Māori)",1
"http://dbpedia.org/resource/Implicit-association_test",1
"http://dbpedia.org/resource/Untranslated_region",1
"http://dbpedia.org/resource/George_Abbott",2
"http://dbpedia.org/resource/Intensive-care_unit",1
"http://dbpedia.org/resource/Hawaiian_Hawk",1
"http://dbpedia.org/resource/Outfielder",1
"http://dbpedia.org/resource/TRW_Inc.",1
"http://dbpedia.org/resource/Chromosome_6_(human)",1
"http://dbpedia.org/resource/JT_(visualization_format)",2
"http://dbpedia.org/resource/Úsov",1
"http://dbpedia.org/resource/Bachelor_of_Fine_Arts",1
"http://dbpedia.org/resource/List_of_British_ordnance_terms",1
"http://dbpedia.org/resource/Foundation_for_a_Free_Information_Infrastructure",1
"http://dbpedia.org/resource/Early_Lê_dynasty",2
"http://dbpedia.org/resource/God",7
"http://dbpedia.org/resource/Asa_of_Judah",1
"http://dbpedia.org/resource/3T",1
"http://dbpedia.org/resource/Tongue",1
"http://dbpedia.org/resource/IX_(magazine)",1
"http://dbpedia.org/resource/GM-Ford_6-speed_automatic_transmission",1
"http://dbpedia.org/resource/Turbidity",1
"http://dbpedia.org/resource/Sadness",1
"http://dbpedia.org/resource/Category_3_cable",1
"http://dbpedia.org/resource/Tol_(island)",1
"http://dbpedia.org/resource/If_and_only_if",1
"http://dbpedia.org/resource/People's_Voice",1
"http://dbpedia.org/resource/Adjoint_representation",1
"http://dbpedia.org/resource/5*",1
"http://dbpedia.org/resource/Child",1
"http://dbpedia.org/resource/Abbott_Laboratories",3
"http://dbpedia.org/resource/Erhard_Seminars_Training",1
"http://dbpedia.org/resource/Lilt",1
"http://dbpedia.org/resource/Computer_terminal",1
"http://dbpedia.org/resource/Jiangxi",1
"http://dbpedia.org/resource/Puller_(band)",1
"http://dbpedia.org/resource/Value_added_tax",1
"http://dbpedia.org/resource/Methyl_group",1
"http://dbpedia.org/resource/Gall",1
"http://dbpedia.org/resource/Xavier_Aptitude_Test",1
"http://dbpedia.org/resource/Wild_type",1
"http://dbpedia.org/resource/Influenza",1
"http://dbpedia.org/resource/FAI_armoured_car",1
"http://dbpedia.org/resource/Mass_(liturgy)",1
"http://dbpedia.org/resource/Ukraine",2
"http://dbpedia.org/resource/Lift_(force)",1
"http://dbpedia.org/resource/Self-esteem",1
"http://dbpedia.org/resource/Juncaceae",1
"http://dbpedia.org/resource/Uz_(son_of_Aram)",1
"http://dbpedia.org/resource/United_Press_International",1
"http://dbpedia.org/resource/FM_broadcasting",1
"http://dbpedia.org/resource/Swimming_(sport)",1
"http://dbpedia.org/resource/JavaScript",2
"http://dbpedia.org/resource/Millisecond",1
"http://dbpedia.org/resource/Cut_(earthmoving)",1
"http://dbpedia.org/resource/Foa",1
"http://dbpedia.org/resource/Office_lady",5
"http://dbpedia.org/resource/Certificate_authority",1
"http://dbpedia.org/resource/Atari_ST",1
"http://dbpedia.org/resource/Chromium_hydride",1
"http://dbpedia.org/resource/Visual_flight_rules",1
"http://dbpedia.org/resource/Tennessee",3
"http://dbpedia.org/resource/Itu",2
"http://dbpedia.org/resource/European_Southern_Observatory",1
"http://dbpedia.org/resource/Integrated_circuit",1
"http://dbpedia.org/resource/State_Library_of_New_South_Wales",1
"http://dbpedia.org/resource/Beta-lactamase",1
"http://dbpedia.org/resource/4-H",2
"http://dbpedia.org/resource/Genitive_case",1
"http://dbpedia.org/resource/Jj_(band)",1
"http://dbpedia.org/resource/Micrometre",1
"http://dbpedia.org/resource/Social_Democratic_Party_(Faroe_Islands)",1
"http://dbpedia.org/resource/Camden,_Maine",1
"http://dbpedia.org/resource/Law_school",1
"http://dbpedia.org/resource/July",1
"http://dbpedia.org/resource/Mile",2
"http://dbpedia.org/resource/Od_iyesi",1
"http://dbpedia.org/resource/Joseph_(son_of_Jacob)",1
"http://dbpedia.org/resource/C_Sharp_(programming_language)",1
"http://dbpedia.org/resource/SKF",1
"http://dbpedia.org/resource/AH4",1
"http://dbpedia.org/resource/Football_League_Trophy",1
"http://dbpedia.org/resource/Calais,_Maine",1
"http://dbpedia.org/resource/System_File_Checker",1
"http://dbpedia.org/resource/Jaguar_XF",1
"http://dbpedia.org/resource/Administrative_divisions_of_North_Korea",7
"http://dbpedia.org/resource/J._Craig_Venter_Institute",1
"http://dbpedia.org/resource/Litre",1
"http://dbpedia.org/resource/Unity_of_Aran",1
"http://dbpedia.org/resource/Scanning_tunneling_microscope",1
"http://dbpedia.org/resource/Year",2
"http://dbpedia.org/resource/Indonesian_slang",1
"http://dbpedia.org/resource/Woman",1
"http://dbpedia.org/resource/DFA_Records",1
"http://dbpedia.org/resource/Disease",1
"http://dbpedia.org/resource/Hectare",2
"http://dbpedia.org/resource/Digital_Audio_Tape",1
"http://dbpedia.org/resource/Iksan",2
"http://dbpedia.org/resource/N4_road_(South_Africa)",1
"http://dbpedia.org/resource/Central_Bureau_of_Investigation",1
"http://dbpedia.org/resource/Mar",1
"http://dbpedia.org/resource/Heat_capacity",2
"http://dbpedia.org/resource/Penny_(British_pre-decimal_coin)",1
"http://dbpedia.org/resource/Carbon_monoxide",1
"http://dbpedia.org/resource/British_Transport_Films",1
"http://dbpedia.org/resource/Indium",1
"http://dbpedia.org/resource/JFS_(file_system)",1
"http://dbpedia.org/resource/Truth_and_Reconciliation_Commission_(South_Africa)",1
"http://dbpedia.org/resource/Duli_language",1
"http://dbpedia.org/resource/Fitness_(biology)",1
"http://dbpedia.org/resource/JE",1
"http://dbpedia.org/resource/Augustine_of_Hippo",1
"http://dbpedia.org/resource/Culture",1
"http://dbpedia.org/resource/Nut_(fruit)",1
"http://dbpedia.org/resource/University_of_Ulster",1
"http://dbpedia.org/resource/Family_(biology)",1
"http://dbpedia.org/resource/Saint",1
"http://dbpedia.org/resource/Bō",1
"http://dbpedia.org/resource/Augusta,_Maine",1
"http://dbpedia.org/resource/Columbia_University",1
"http://dbpedia.org/resource/Cadastre",1
"http://dbpedia.org/resource/University_of_Texas_at_Tyler",1
"http://dbpedia.org/resource/Ui_(band)",2
"http://dbpedia.org/resource/Osakeyhtiö",1
"http://dbpedia.org/resource/Pfennig",3
"http://dbpedia.org/resource/List_of_minor_biblical_figures",1
"http://dbpedia.org/resource/Information_technology",1
"http://dbpedia.org/resource/WIN_35428",1
"http://dbpedia.org/resource/Stunt",1
"http://dbpedia.org/resource/Quantum_mechanics",1
"http://dbpedia.org/resource/Overtime_(sports)",1
"http://dbpedia.org/resource/Bar_association",1
"http://dbpedia.org/resource/Principality_of_Wy",1
"http://dbpedia.org/resource/Jansky",2
"http://dbpedia.org/resource/User_interface",3
"http://dbpedia.org/resource/American_Jewish_University",6
"http://dbpedia.org/resource/Forward_(association_football)",1
"http://dbpedia.org/resource/Portuguese_language",1
"http://dbpedia.org/resource/August",1
"http://dbpedia.org/resource/AA_battery",1
"http://dbpedia.org/resource/Indian_National_Congress",1
"http://dbpedia.org/resource/Pis",1
"http://dbpedia.org/resource/Second",2
"http://dbpedia.org/resource/Os,_Hordaland",1
"http://dbpedia.org/resource/Huns",1
"http://dbpedia.org/resource/Belfast,_Maine",1
"http://dbpedia.org/resource/Abbo_of_Fleury",1
"http://dbpedia.org/resource/Fuji_Television",1
"http://dbpedia.org/resource/Oi!",4
"http://dbpedia.org/resource/Drum_Workshop",1
"http://dbpedia.org/resource/Macintosh_LC",1
"http://dbpedia.org/resource/T-VIS",1
"http://dbpedia.org/resource/SJ_AB",2
"http://dbpedia.org/resource/Hand_fan",1
"http://dbpedia.org/resource/Organizational_Unit",2
"http://dbpedia.org/resource/Urn",1
"http://dbpedia.org/resource/Abijah_of_Judah",1
"http://dbpedia.org/resource/Order_of_Canada",4
"http://dbpedia.org/resource/CJ_(musician)",2
"http://dbpedia.org/resource/Yil_language",1
"http://dbpedia.org/resource/Eldest",1
"http://dbpedia.org/resource/Jadavpur_University",1
"http://dbpedia.org/resource/Parallel_ATA",1
"http://dbpedia.org/resource/.eu",1
"http://dbpedia.org/resource/Data",1
"http://dbpedia.org/resource/1st_Reconnaissance_Squadron",1
"http://dbpedia.org/resource/Professional_wrestling_holds",1
"http://dbpedia.org/resource/Acetyl",1
"http://dbpedia.org/resource/Carat_(mass)",1
"http://dbpedia.org/resource/Ap_(water)",1
"http://dbpedia.org/resource/Urt",1
"http://dbpedia.org/resource/Navy",1
"http://dbpedia.org/resource/Italian_language",2
"http://dbpedia.org/resource/Ll",3
"http://dbpedia.org/resource/River_Aln",1
"http://dbpedia.org/resource/Aviso",1
"http://dbpedia.org/resource/Her_(film)",1
