 "id" , "src" , "title" ,
 "1906127101.txt" , "http://data.open.ac.uk/red/document/31024094-i-397" , "The Journals of Mary Shelley 1814-1844" ,
 "249145043.txt" , "http://data.open.ac.uk/red/document/493519415-479" , "The Diary of the right Hon. William Windham" ,
 "479737302.txt" , "http://data.open.ac.uk/red/document/311304244-ii-2" , "Collected Letters of James Hogg, The" ,
 "829227391.txt" , "http://data.open.ac.uk/red/document/31024094-i-184" , "The Journals of Mary Shelley 1814-1844" ,
 "1090100747.txt" , "http://data.open.ac.uk/red/document/1674853213-295" , "Orientations" ,
 "1917599613.txt" , "http://data.open.ac.uk/red/document/31024094-i-74" , "The Journals of Mary Shelley 1814-1844" ,
 "336291936.txt" , "http://data.open.ac.uk/red/document/1817098133-167" , "Diary of Lady Margaret Hoby" ,
 "817305386.txt" , "http://data.open.ac.uk/red/document/1304789766-103" , "The Journals of George Eliot" ,
 "71808439.txt" , "http://data.open.ac.uk/red/document/398377439-4-8" , "The Letters of Robert Louis Stevenson" ,
 "1050907628.txt" , "http://data.open.ac.uk/red/document/457426069-v_1-109" , "Emma Darwin: A Century of Family Letters, 1792-1896" ,
 "543411512.txt" , "http://data.open.ac.uk/red/document/444728287-73" , "								Secret Comment: The Diaries of Gertrude Savile, 1721-1757" ,
 "1625069618.txt" , "http://data.open.ac.uk/red/document/1826817471-105" , "The Journals of Claire Clairmont" ,
 "1055005792.txt" , "http://data.open.ac.uk/red/document/0" , 												 ,
 "1055005792.txt" , "http://data.open.ac.uk/red/document/0" , 																								 ,
 "1055005792.txt" , "http://data.open.ac.uk/red/document/0" , 																 ,
 "1055005792.txt" , "http://data.open.ac.uk/red/document/0" , 				 ,
 "1055005792.txt" , "http://data.open.ac.uk/red/document/0" , 								 ,
 "1410835761.txt" , "http://data.open.ac.uk/red/document/854474936-45-46" , "The Diaries of Benjamin Newton Rector of Wath, 1816-1819" ,
 "1410835761.txt" , "http://data.open.ac.uk/red/document/854474936-45-46" , "The Diaries of Benjamin Newton Rector of wath, 1816-1819" ,
 "124675690.txt" , "http://data.open.ac.uk/red/document/1591664368-144" , "Wordsworth's Reading 1800-1815" ,
 "166221188.txt" , "http://data.open.ac.uk/red/document/493519415-498" , "The Diary of the right Hon. William Windham" ,
 "1912285298.txt" , "http://data.open.ac.uk/red/document/1817098133-107" , "Diary of Lady Margaret Hoby" ,
 "837393645.txt" , "http://data.open.ac.uk/red/document/1817098133-121" , "Diary of Lady Margaret Hoby" ,
 "490170894.txt" , "http://data.open.ac.uk/red/document/1304789766-101" , "The Journals of George Eliot" ,
 "2048932710.txt" , "http://data.open.ac.uk/red/document/2045927088-2-499" , "Extracts of the Journals and Correspondence of Miss Berry From the Year 1783 to 1852" ,
 "1116157589.txt" , "http://data.open.ac.uk/red/document/1304789766-34" , "The Journals of George Eliot" ,
 "794455163.txt" , "http://data.open.ac.uk/red/document/398377439-3-144" , "The Letters of Robert Louis Stevenson" ,
 "168414694.txt" , "http://data.open.ac.uk/red/document/1139772816-7-243" , "The Collected Letters of Joseph Conrad Volume 7, 1920-1922" ,
 "1194833286.txt" , "http://data.open.ac.uk/red/document/1826817471-112" , "The Journals of Claire Clairmont" ,
 "1492820718.txt" , "http://data.open.ac.uk/red/document/1616673457-3-158" , "The Gladstone Diaries" ,
 "435736768.txt" , "http://data.open.ac.uk/red/document/2045927088-2-334" , "Extracts of the Journals and Correspondence of Miss Berry From the Year 1783 to 1852" ,
 "1521942455.txt" , "http://data.open.ac.uk/red/document/1616673457-1-333" , "The Gladstone Diaries" ,
 "1327299872.txt" , "http://data.open.ac.uk/red/document/1817098133-173" , "Diary of Lady Margaret Hoby" ,
 "1639382325.txt" , "http://data.open.ac.uk/red/document/1817098133-102" , "Diary of Lady Margaret Hoby" ,
 "141386568.txt" , "http://data.open.ac.uk/red/document/31024094-i-349" , "The Journals of Mary Shelley 1814-1844" ,
 "376989333.txt" , "http://data.open.ac.uk/red/document/0" , 												 ,
 "376989333.txt" , "http://data.open.ac.uk/red/document/0" , 																								 ,
 "376989333.txt" , "http://data.open.ac.uk/red/document/0" , 																 ,
 "376989333.txt" , "http://data.open.ac.uk/red/document/0" , 				 ,
 "376989333.txt" , "http://data.open.ac.uk/red/document/0" , 								 ,
 "1763448137.txt" , "http://data.open.ac.uk/red/document/1648310012-74" , "Siegfried Sassoon Diaries 1915 - 1918" ,
 "1217297190.txt" , "http://data.open.ac.uk/red/document/1817098133-127" , "Diary of Lady Margaret Hoby" ,
 "549329040.txt" , "http://data.open.ac.uk/red/document/1817098133-224" , "Diary of Lady Margaret Hoby" ,
 "1197307810.txt" , "http://data.open.ac.uk/red/document/1817098133-134" , "Diary of Lady Margaret Hoby" ,
 "638890336.txt" , "http://data.open.ac.uk/red/document/1017630223-7-161" , "The diary of Samuel Pepys" ,
 "336526612.txt" , "http://data.open.ac.uk/red/document/1578754424-3-948" , "The diaries of John Ruskin" ,
 "1433530772.txt" , "http://data.open.ac.uk/red/document/1826817471-359-360" , "The Journals of Claire Clairmont" ,
 "1295304438.txt" , "http://data.open.ac.uk/red/document/1817098133-96" , "Diary of Lady Margaret Hoby" ,
 "905133265.txt" , "http://data.open.ac.uk/red/document/969482042-1" , "Extracts from the Diary of a Lover of Literature." ,
 "1101294317.txt" , "http://data.open.ac.uk/red/document/1319566621-43" , "A London Family 1870-1900" ,
 "917984261.txt" , "http://data.open.ac.uk/red/document/235235179-523" , "John Keats: The Complete Poems " ,
 "2056365119.txt" , "http://data.open.ac.uk/red/document/31024094-i-353" , "The Journals of Mary Shelley 1814-1844" ,
 "829153173.txt" , "http://data.open.ac.uk/red/document/31024094-i-355" , "The Journals of Mary Shelley 1814-1844" ,
 "977064266.txt" , "http://data.open.ac.uk/red/document/1826817471-82" , "The Journals of Claire Clairmont" ,
 "1538643031.txt" , "http://data.open.ac.uk/red/document/31024094-i-255" , "The Journals of Mary Shelley 1814-1844" ,
 "865151275.txt" , "http://data.open.ac.uk/red/document/1724137216-2-265" , "The Letters of Robert Louis Stevenson, April 1874-July 1879" ,
 "99912870.txt" , "http://data.open.ac.uk/red/document/31024094-i-310" , "The Journals of Mary Shelley 1814-1844" ,
 "454983631.txt" , "http://data.open.ac.uk/red/document/31024094-i-371" , "The Journals of Mary Shelley 1814-1844" ,
 "156989652.txt" , "http://data.open.ac.uk/red/document/1724137216-2-166" , "The Letters of Robert Louis Stevenson, April 1874-July 1879" ,
 "1723486702.txt" , "http://data.open.ac.uk/red/document/31024094-i-73" , "The Journals of Mary Shelley 1814-1844" ,
 "1827570849.txt" , "http://data.open.ac.uk/red/document/799160294-349" , "				I know my own heart: The Diaries of Anne Lister 1791-1840" ,
 "743755543.txt" , "http://data.open.ac.uk/red/document/398377439-4-48-49" , "The Letters of Robert Louis Stevenson" ,
 "280658528.txt" , "http://data.open.ac.uk/red/document/31024094-i-412" , "The Journals of Mary Shelley 1814-1844" ,
 "1461222666.txt" , "http://data.open.ac.uk/red/document/1766411795-74" , "Wordsworth's Reading 1770-1799" ,
 "122300918.txt" , "http://data.open.ac.uk/red/document/172625866-i-138" , "Antonia White. Diaries 1926-1957" ,
 "568471981.txt" , "http://data.open.ac.uk/red/document/1724137216-2-152" , "The Letters of Robert Louis Stevenson, April 1874-July 1879" ,
 "154865153.txt" , "http://data.open.ac.uk/red/document/31024094-i-176" , "The Journals of Mary Shelley 1814-1844" ,
 "1896839694.txt" , "http://data.open.ac.uk/red/document/1425159857-6-18" , "Byron's Letters and Journals" ,
 "1289128238.txt" , "http://data.open.ac.uk/red/document/31024094-i-299" , "The Journals of Mary Shelley 1814-1844" ,
 "807836023.txt" , "http://data.open.ac.uk/red/document/398377439-4-206" , "The Letters of Robert Louis Stevenson" ,
 "1515668514.txt" , "http://data.open.ac.uk/red/document/398377439-3-277" , "The Letters of Robert Louis Stevenson" ,
 "484208840.txt" , "http://data.open.ac.uk/red/document/1817098133-129" , "Diary of Lady Margaret Hoby" ,
 "434081490.txt" , "http://data.open.ac.uk/red/document/398377439-1-419" , "The Letters of Robert Louis Stevenson" ,
 "1304430165.txt" , "http://data.open.ac.uk/red/document/759868514-860" , "Letters of Mrs Gaskell, The" ,
 "588046867.txt" , "http://data.open.ac.uk/red/document/514421849-64" , "The Diary of Thomas Turner" ,
 "453544829.txt" , "http://data.open.ac.uk/red/document/31024094-i-59" , "The Journals of Mary Shelley 1814-1844" ,
 "666036092.txt" , "http://data.open.ac.uk/red/document/0" , 												 ,
 "666036092.txt" , "http://data.open.ac.uk/red/document/0" , 																								 ,
 "666036092.txt" , "http://data.open.ac.uk/red/document/0" , 																 ,
 "666036092.txt" , "http://data.open.ac.uk/red/document/0" , 				 ,
 "666036092.txt" , "http://data.open.ac.uk/red/document/0" , 								 ,
 "192267690.txt" , "http://data.open.ac.uk/red/document/1817098133-129" , "Diary of Lady Margaret Hoby" ,
 "378030732.txt" , "http://data.open.ac.uk/red/document/1304789766-36" , "The Journals of George Eliot" ,
 "440842105.txt" , "http://data.open.ac.uk/red/document/1425159857-8-103" , "Byron's Letters and Journals" ,
 "137898356.txt" , "http://data.open.ac.uk/red/document/1304789766-58" , "The Journals of George Eliot" ,
 "813728667.txt" , "http://data.open.ac.uk/red/document/31024094-i-149" , "The Journals of Mary Shelley 1814-1844" ,
 "675246813.txt" , "http://data.open.ac.uk/red/document/657161740-139" , "Gabriel Harvey: His Life, Marginalia and Library" ,
 "154880001.txt" , "http://data.open.ac.uk/red/document/2003793682-2-405" , "The Life and Letters of Lord Macaulay" ,
 "2098518127.txt" , "http://data.open.ac.uk/red/document/1578754424-3-877" , "The diaries of John Ruskin" ,
 "920269516.txt" , "http://data.open.ac.uk/red/document/1817098133-78" , "Diary of Lady Margaret Hoby" ,
 "1837273399.txt" , "http://data.open.ac.uk/red/document/1425159857-6-24" , "Byron's Letters and Journals" ,
 "1540070889.txt" , "http://data.open.ac.uk/red/document/1304789766-113" , "The Journals of George Eliot" ,
 "2043097611.txt" , "http://data.open.ac.uk/red/document/1304789766-131" , "The Journals of George Eliot" ,
 "369222185.txt" , "http://data.open.ac.uk/red/document/1578754424-2-751" , "The diaries of John Ruskin" ,
 "923367118.txt" , "http://data.open.ac.uk/red/document/1424210781-130" , "A London Family: 1870-1900" ,
 "1880226017.txt" , "http://data.open.ac.uk/red/document/1826817471-193" , "The Journals of Claire Clairmont" ,
 "560208101.txt" , "http://data.open.ac.uk/red/document/341169331-2-158" , "The Collected Letters of Joseph Conrad Volume 2, 1898-1902" ,
 "888768403.txt" , "http://data.open.ac.uk/red/document/1578754424-3-847" , "The diaries of John Ruskin" ,
 "1349529496.txt" , "http://data.open.ac.uk/red/document/2046536710-199" , "The Diary and Letters of a World War I Fighter Pilot" ,
 "2044812409.txt" , "http://data.open.ac.uk/red/document/1459868823-i-192" , "The Wynne Diaries" ,
 "1273073566.txt" , "http://data.open.ac.uk/red/document/1482251081-171" , "So long ago" ,
 "1200068921.txt" , "http://data.open.ac.uk/red/document/1578754424-3-1114" , "The diaries of John Ruskin" ,
 "279375634.txt" , "http://data.open.ac.uk/red/document/31024094-i-357" , "The Journals of Mary Shelley 1814-1844" ,
 "1114634343.txt" , "http://data.open.ac.uk/red/document/1017630223-5-285" , "The diary of Samuel Pepys" ,
 "1545591581.txt" , "http://data.open.ac.uk/red/document/1304789766-34" , "The Journals of George Eliot" ,
 "1220054661.txt" , "http://data.open.ac.uk/red/document/31024094-i-192" , "The Journals of Mary Shelley 1814-1844" ,
 "933673938.txt" , "http://data.open.ac.uk/red/document/1304789766-63" , "The Journals of George Eliot" ,
 "1182298549.txt" , "http://data.open.ac.uk/red/document/1304789766-155" , "The Journals of George Eliot" ,
 "73469031.txt" , "http://data.open.ac.uk/red/document/398377439-3-253" , "The Letters of Robert Louis Stevenson" ,
 "803688261.txt" , "http://data.open.ac.uk/red/document/0" , 												 ,
 "803688261.txt" , "http://data.open.ac.uk/red/document/0" , 																								 ,
 "803688261.txt" , "http://data.open.ac.uk/red/document/0" , 																 ,
 "803688261.txt" , "http://data.open.ac.uk/red/document/0" , 				 ,
 "803688261.txt" , "http://data.open.ac.uk/red/document/0" , 								 ,
 "794934731.txt" , "http://data.open.ac.uk/red/document/31024094-i-382" , "The Journals of Mary Shelley 1814-1844" ,
 "751733266.txt" , "http://data.open.ac.uk/red/document/398377439-3-44" , "The Letters of Robert Louis Stevenson" ,
 "34755032.txt" , "http://data.open.ac.uk/red/document/1304789766-118" , "The Journals of George Eliot" ,
 "10805352.txt" , "http://data.open.ac.uk/red/document/1817098133-145" , "Diary of Lady Margaret Hoby" ,
 "414721057.txt" , "http://data.open.ac.uk/red/document/31024094-i-313" , "The Journals of Mary Shelley 1814-1844" ,
 "965320884.txt" , "http://data.open.ac.uk/red/document/677026060-111" , "Journals of Dorothy Wordsworth" ,
 "513313631.txt" , "http://data.open.ac.uk/red/document/1578754424-3-963" , "The diaries of John Ruskin" ,
 "228943563.txt" , "http://data.open.ac.uk/red/document/31024094-i-223" , "The Journals of Mary Shelley 1814-1844" ,
 "1379780066.txt" , "http://data.open.ac.uk/red/document/1180855657-204" , "The Dairy of Thomas Turner" ,
 "480282070.txt" , "http://data.open.ac.uk/red/document/1304789766-103" , "The Journals of George Eliot" ,
 "1893128448.txt" , "http://data.open.ac.uk/red/document/1578754424-2-562" , "The diaries of John Ruskin" ,
 "517728904.txt" , "http://data.open.ac.uk/red/document/969482042-30-31" , "Extracts from the Diary of a Lover of Literature." ,
 "1571308986.txt" , "http://data.open.ac.uk/red/document/1578754424-2-703" , "The diaries of John Ruskin" ,
 "491650320.txt" , "http://data.open.ac.uk/red/document/1817098133-98" , "Diary of Lady Margaret Hoby" ,
 "1656241952.txt" , "http://data.open.ac.uk/red/document/620227624-174" , "Life and Death in Changi" ,
 "1698049209.txt" , "http://data.open.ac.uk/red/document/1623884496-5-369" , "The Collected Letters of Joseph Conrad Volume 5, 1912-1916" ,
 "1731030903.txt" , "http://data.open.ac.uk/red/document/969482042-32" , "Extracts from the Diary of a Lover of Literature." ,
 "959234183.txt" , "http://data.open.ac.uk/red/document/31024094-i-221" , "The Journals of Mary Shelley 1814-1844" ,
 "2143589787.txt" , "http://data.open.ac.uk/red/document/1304789766-124" , "The Journals of George Eliot" ,
 "1887177571.txt" , "http://data.open.ac.uk/red/document/31024094-i-379" , "The Journals of Mary Shelley 1814-1844" ,
 "1843204707.txt" , "http://data.open.ac.uk/red/document/444728287-101" , "				Secret Comment: The Diaries of Gertrude Savile, 1721-1757" ,
 "843331281.txt" , "http://data.open.ac.uk/red/document/31024094-i-228" , "The Journals of Mary Shelley 1814-1844" ,
 "426215623.txt" , "http://data.open.ac.uk/red/document/444728287-131" , "				Secret Comment: The Diaries of Gertrude Savile, 1721-1757" ,
 "1250481554.txt" , "http://data.open.ac.uk/red/document/1817098133-113" , "Diary of Lady Margaret Hoby" ,
 "1557531270.txt" , "http://data.open.ac.uk/red/document/1459868823-iii-178" , "The Wynne Diaries" ,
 "1023391406.txt" , "http://data.open.ac.uk/red/document/1578754424-3-1089" , "The diaries of John Ruskin" ,
 "121735747.txt" , "http://data.open.ac.uk/red/document/745958611-20" , "The Journals of Mary Shelley" ,
 "2062963825.txt" , "http://data.open.ac.uk/red/document/1304789766-101" , "The Journals of George Eliot" ,
 "1626888870.txt" , "http://data.open.ac.uk/red/document/1017630223-2-217" , "The diary of Samuel Pepys" ,
 "143763042.txt" , "http://data.open.ac.uk/red/document/1713691467-1-380" , "Henry James: Letters" ,
 "131310277.txt" , "http://data.open.ac.uk/red/document/0" , 												 ,
 "131310277.txt" , "http://data.open.ac.uk/red/document/0" , 																								 ,
 "131310277.txt" , "http://data.open.ac.uk/red/document/0" , 																 ,
 "131310277.txt" , "http://data.open.ac.uk/red/document/0" , 				 ,
 "131310277.txt" , "http://data.open.ac.uk/red/document/0" , 								 ,
 "1486467237.txt" , "http://data.open.ac.uk/red/document/1766411795-154" , "Wordsworth's Reading 1770-1799" ,
 "1626433819.txt" , "http://data.open.ac.uk/red/document/352935778-137" , "Life of Johnson" ,
 "1354644327.txt" , "http://data.open.ac.uk/red/document/1131322118-241-242" , "The Natural History Prose Writings of John Clare" ,
 "624369614.txt" , "http://data.open.ac.uk/red/document/444157387-1-82" , "Alfred Lord Tennyson: A Memoir by His Son" ,
 "1691243313.txt" , "http://data.open.ac.uk/red/document/980294634-27" , "Mountstuart Elphinstone" ,
 "1292351125.txt" , "http://data.open.ac.uk/red/document/457426069-2-264" , "Emma Darwin: A Century of Family Letters, 1792-1896" ,
 "518621148.txt" , "http://data.open.ac.uk/red/document/389424827" , "La psychologie de l?effort: les doctrines contemporaines" ,
 "1957905146.txt" , "http://data.open.ac.uk/red/document/31024094-i-229" , "The Journals of Mary Shelley 1814-1844" ,
 "857972111.txt" , "http://data.open.ac.uk/red/document/1817098133-111" , "Diary of Lady Margaret Hoby" ,
 "2026674250.txt" , "http://data.open.ac.uk/red/document/2003793682-2-423-4" , "The Life and Letters of Lord Macaulay" ,
 "1626181089.txt" , "http://data.open.ac.uk/red/document/2100384267-3-213" , "Harriet Martineau's Autobiography with Memorials by Maria Weston Chapman" ,
 "1852971904.txt" , "http://data.open.ac.uk/red/document/1068083864-64" , "The Intellectual Life of the British Working Classes" ,
 "841601852.txt" , "http://data.open.ac.uk/red/document/759868514-565" , "Letters of Mrs Gaskell, The" ,
 "1850680587.txt" , "http://data.open.ac.uk/red/document/854474936-37" , "The Diaries of Benjamin Newton Rector of Wath, 1816-1819" ,
 "539694680.txt" , "http://data.open.ac.uk/red/document/1578754424-1-249" , "The diaries of John Ruskin" ,
 "1269196917.txt" , "http://data.open.ac.uk/red/document/1425159857-6-72" , "Byron's Letters and Journals" ,
 "351181593.txt" , "http://data.open.ac.uk/red/document/2046536710-126" , "The Diary and Letters of a World War I Fighter Pilot" ,
 "155941407.txt" , "http://data.open.ac.uk/red/document/1319566621-72" , "A London Family 1870-1900" ,
 "716660611.txt" , "http://data.open.ac.uk/red/document/457426069-v2-127" , "Emma Darwin: A Century of Family Letters, 1792-1896" ,
 "141334559.txt" , "http://data.open.ac.uk/red/document/1790684547-39" , "Testament of Youth" ,
 "1846698875.txt" , "http://data.open.ac.uk/red/document/966600737-179" , "Writers, Readers, and Reputations: Literary Life in Britain 1870-1918" ,
 "1420201719.txt" , "http://data.open.ac.uk/red/document/1923998496-29" , "Diaries of a dying man" ,
 "209682355.txt" , "http://data.open.ac.uk/red/document/642293244-n/a-15" , "The Bickersteth Diaries: 1914-1918" ,
 "79740994.txt" , "http://data.open.ac.uk/red/document/2004106248-i-186" , "Memoirs of Laetitia Pilkington" ,
 "1564163716.txt" , "http://data.open.ac.uk/red/document/677026060-124" , "Journals of Dorothy Wordsworth" ,
 "989451803.txt" , "http://data.open.ac.uk/red/document/514421849-270" , "The Diary of Thomas Turner" ,
 "247344206.txt" , "http://data.open.ac.uk/red/document/759868514-628" , "Letters of Mrs Gaskell, The" ,
 "609448480.txt" , "http://data.open.ac.uk/red/document/969482042-79-80" , "Extracts from the Diary of a Lover of Literature." ,
 "1314982199.txt" , "http://data.open.ac.uk/red/document/172625866-i-95" , "Antonia White. Diaries 1926-1957" ,
 "1382583609.txt" , "http://data.open.ac.uk/red/document/1425159857-8-14" , "Byron's Letters and Journals" ,
 "1875808409.txt" , "http://data.open.ac.uk/red/document/1985423662-104" , "The Diary of W.R.Grahame in the United States and Canada" ,
 "453969823.txt" , "http://data.open.ac.uk/red/document/1017630223-8-372" , "The diary of Samuel Pepys" ,
 "2088104838.txt" , "http://data.open.ac.uk/red/document/1322872021-5-151" , "The Diary of Virginia Woolf" ,
 "1688849784.txt" , "http://data.open.ac.uk/red/document/1184932672-18" , "Bread, Knowledge and Freedom: A Study of Nineteenth-Century Working Class Autobiography" ,
 "981151777.txt" , "http://data.open.ac.uk/red/document/444157387-1-390" , "Alfred Lord Tennyson: A Memoir by His Son" ,
 "742409004.txt" , "http://data.open.ac.uk/red/document/554043024-ii-770" , "The Letters of Sydney Smith" ,
 "1503147711.txt" , "http://data.open.ac.uk/red/document/1143145606-1-203" , "The Friendships of Mary Russell Mitford" ,
 "503981832.txt" , "http://data.open.ac.uk/red/document/980294634-28" , "Mountstuart Elphinstone" ,
 "759000705.txt" , "http://data.open.ac.uk/red/document/31024094-i-216" , "The Journals of Mary Shelley 1814-1844" ,
 "761637210.txt" , "http://data.open.ac.uk/red/document/1578754424-3-848" , "The diaries of John Ruskin" ,
 "1901353195.txt" , "http://data.open.ac.uk/red/document/398377439-3-322" , "The Letters of Robert Louis Stevenson" ,
 "1664832226.txt" , "http://data.open.ac.uk/red/document/677026060-32" , "Journals of Dorothy Wordsworth" ,
 "869026884.txt" , "http://data.open.ac.uk/red/document/2100384267-3-193" , "Harriet Martineau's Autobiography with Memorials by Maria Weston Chapman" ,
 "1725236257.txt" , "http://data.open.ac.uk/red/document/489464691-158" , "The Diary of Robert Sharp of South Cave" ,
 "15003025.txt" , "http://data.open.ac.uk/red/document/1322872021-2-260" , "The Diary of Virginia Woolf" ,
 "593745240.txt" , "http://data.open.ac.uk/red/document/1425159857-4-150" , "Byron's Letters and Journals" ,
 "642936684.txt" , "http://data.open.ac.uk/red/document/554043024-ii-635" , "The Letters of Sydney Smith" ,
 "1625280045.txt" , "http://data.open.ac.uk/red/document/1849598785-2-29" , "Letters of Robert Louis Stevenson, April 1874-July1879" ,
 "830141874.txt" , "http://data.open.ac.uk/red/document/524198290-iii-163" , "Letters of Arnold Bennett Vol.III 1916 -1931" ,
 "1463142463.txt" , "http://data.open.ac.uk/red/document/398377439-1-121" , "The Letters of Robert Louis Stevenson" ,
 "794361999.txt" , "http://data.open.ac.uk/red/document/1017630223-7-65" , "The diary of Samuel Pepys" ,
 "1902334801.txt" , "http://data.open.ac.uk/red/document/359795256-262" , "Correspondence of Ford Madox Ford and Stella Bowen, The" ,
 "1219803014.txt" , "http://data.open.ac.uk/red/document/941555690-16" , "Undertones of War" ,
 "186624419.txt" , "http://data.open.ac.uk/red/document/1773092175-135" , "The War Diary of the Master of Belhaven, 1914-1918" ,
 "2126374616.txt" , "http://data.open.ac.uk/red/document/2045927088-1-208" , "Extracts of the Journals and Correspondence of Miss Berry, from the year 1783 to 1852" ,
 "326196689.txt" , "http://data.open.ac.uk/red/document/31024094-i-312-13" , "The Journals of Mary Shelley 1814-1844" ,
 "866342641.txt" , "http://data.open.ac.uk/red/document/1802612152-230-31" , "Marginalia: Readers Writing in Books" ,
 "1677431324.txt" , "http://data.open.ac.uk/red/document/489464691-158" , "The Diary of Robert Sharp of South Cave" ,
 "1058170530.txt" , "http://data.open.ac.uk/red/document/444157387-2-211_n1" , "Alfred Lord Tennyson: A Memoir by His Son" ,
 "1591654261.txt" , "http://data.open.ac.uk/red/document/2045927088-3-34" , "Extracts of the Journals and Correspondence of Miss Berry from the Year 1783 to 1852" ,
 "1300117783.txt" , "http://data.open.ac.uk/red/document/1139772816-7-443" , "The Collected Letters of Joseph Conrad Volume 7, 1920-1922" ,
 "1502895802.txt" , "http://data.open.ac.uk/red/document/31024094-i-226-7" , "The Journals of Mary Shelley 1814-1844" ,
 "1098089677.txt" , "http://data.open.ac.uk/red/document/1766411795-77" , "Wordsworth's Reading 1770-1799" ,
 "28124169.txt" , "http://data.open.ac.uk/red/document/1017630223-4-329-330" , "The diary of Samuel Pepys" ,
 "1832695346.txt" , "http://data.open.ac.uk/red/document/398377439-3-133" , "The Letters of Robert Louis Stevenson" ,
 "755533611.txt" , "http://data.open.ac.uk/red/document/1826817471-123" , "The Journals of Claire Clairmont" ,
 "678196784.txt" , "http://data.open.ac.uk/red/document/2004106248-i-214" , "Memoirs of Laetitia Pilkington" ,
 "1808130929.txt" , "http://data.open.ac.uk/red/document/1591664368-13-14" , "Wordsworth's Reading 1800-1815" ,
 "1314324722.txt" , "http://data.open.ac.uk/red/document/1666441868-i-462" , "Thraliana" ,
 "32106622.txt" , "http://data.open.ac.uk/red/document/0" , 												 ,
 "32106622.txt" , "http://data.open.ac.uk/red/document/0" , 																								 ,
 "32106622.txt" , "http://data.open.ac.uk/red/document/0" , 																 ,
 "32106622.txt" , "http://data.open.ac.uk/red/document/0" , 				 ,
 "32106622.txt" , "http://data.open.ac.uk/red/document/0" , 								 ,
 "178591676.txt" , "http://data.open.ac.uk/red/document/1425594258-42" , "Elizabeth Bowen: Portrait of a Writer" ,
 "758806225.txt" , "http://data.open.ac.uk/red/document/2046536710-74" , "The Diary and Letters of a World War I Fighter Pilot" ,
 "1502516431.txt" , "http://data.open.ac.uk/red/document/988427687-82" , "Father and Son: a study of two temperments" ,
 "1568891517.txt" , "http://data.open.ac.uk/red/document/1425159857-8-16" , "Byron's Letters and Journals" ,
 "1596085103.txt" , "http://data.open.ac.uk/red/document/1017630223-8-433" , "The diary of Samuel Pepys" ,
 "233294772.txt" , "http://data.open.ac.uk/red/document/1017630223-8-215" , "The diary of Samuel Pepys" ,
 "1272962840.txt" , "http://data.open.ac.uk/red/document/1176008983-82" , "Life and Yesterday" ,
 "1116056160.txt" , "http://data.open.ac.uk/red/document/341169331-2-296" , "The Collected Letters of Joseph Conrad Volume 2, 1898-1902" ,
 "2065261348.txt" , "http://data.open.ac.uk/red/document/1591664368-130" , "Wordsworth's Reading 1800-1815" ,
 "1390516796.txt" , "http://data.open.ac.uk/red/document/1713691467-2-384_n1" , "Henry James: Letters" ,
 "124435369.txt" , "http://data.open.ac.uk/red/document/2045927088-2-493-94" , "Extracts of the Journals and Correspondence of Miss Berry From the Year 1783 to 1852" ,
 "1223577292.txt" , "http://data.open.ac.uk/red/document/1038308061-12" , "				The Diaries of Anne Lister 1791-1840" ,
 "1512288905.txt" , "http://data.open.ac.uk/red/document/31024094-i-76" , "The Journals of Mary Shelley 1814-1844" ,
 "2013740023.txt" , "http://data.open.ac.uk/red/document/1017630223-1-56" , "The diary of Samuel Pepys" ,
 "983773724.txt" , "http://data.open.ac.uk/red/document/1357827945-199-200" , "Jane Austen's Letters" ,
 "630145947.txt" , "http://data.open.ac.uk/red/document/359795256-356" , "Correspondence of Ford Madox Ford and Stella Bowen, The" ,
 "1109143300.txt" , "http://data.open.ac.uk/red/document/2134337740-2-146-147" , "A Publisher and His Friends: Memoir and Correspondence of the Late John Murray" ,
 "2137794265.txt" , "http://data.open.ac.uk/red/document/341169331-2-425" , "The Collected Letters of Joseph Conrad Volume 2, 1898-1902" ,
 "1046835991.txt" , "http://data.open.ac.uk/red/document/940024742-247" , "The Woman Reader: 1837-1914" ,
 "767370779.txt" , "http://data.open.ac.uk/red/document/578877973-7-431-5" , "The Works of Jane Austen (Minor Works)" ,
 "852256286.txt" , "http://data.open.ac.uk/red/document/9962955-185" , "A Soldier's Diary of the Great War" ,
 "1740794016.txt" , "http://data.open.ac.uk/red/document/1724137216-2-111" , "The Letters of Robert Louis Stevenson, April 1874-July 1879" ,
 "441525121.txt" , "http://data.open.ac.uk/red/document/444157387-1-459" , "Alfred Lord Tennyson: A Memoir by His Son" ,
 "1492021090.txt" , "http://data.open.ac.uk/red/document/1691559794-2-107" , "The Collected Letters of Thomas and Jane Welsh Carlyle" ,
 "543656440.txt" , "http://data.open.ac.uk/red/document/1674853213-263" , "Orientations" ,
 "1462648469.txt" , "http://data.open.ac.uk/red/document/1713691467-1-424" , "Henry James: Letters" ,
 "507228093.txt" , "http://data.open.ac.uk/red/document/969482042-185-186" , "Extracts from the Diary of a Lover of Literature." ,
 "110904148.txt" , "http://data.open.ac.uk/red/document/0" , 												 ,
 "110904148.txt" , "http://data.open.ac.uk/red/document/0" , 																								 ,
 "110904148.txt" , "http://data.open.ac.uk/red/document/0" , 																 ,
 "110904148.txt" , "http://data.open.ac.uk/red/document/0" , 				 ,
 "110904148.txt" , "http://data.open.ac.uk/red/document/0" , 								 ,
 "211652762.txt" , "http://data.open.ac.uk/red/document/398377439-3-49" , "The Letters of Robert Louis Stevenson" ,
 "2061686004.txt" , "http://data.open.ac.uk/red/document/1769803031-ii-212" , "Letters of Arnold Bennett Vol.II 1889-1915" ,
 "1847835119.txt" , "http://data.open.ac.uk/red/document/1826817471-100" , "The Journals of Claire Clairmont" ,
 "646092278.txt" , "http://data.open.ac.uk/red/document/554043024-i-25" , "The Letters of Sydney Smith" ,
 "38526840.txt" , "http://data.open.ac.uk/red/document/852858581-2-499" , "The Letters of Leslie Stephen Vol 2 1882-1904																											The Selected Letters of Leslie Stephen Vol 1 1864-1882																																		The Selected Letters of Leslie Stephen Vol 1 1864-1882				" ,
 "1264987950.txt" , "http://data.open.ac.uk/red/document/398377439-3-100" , "The Letters of Robert Louis Stevenson" ,
 "392766455.txt" , "http://data.open.ac.uk/red/document/677026060-126" , "Journals of Dorothy Wordsworth" ,
 "1065428902.txt" , "http://data.open.ac.uk/red/document/620227624-250" , "Life and Death in Changi" ,
 "355553558.txt" , "http://data.open.ac.uk/red/document/418625749-12" , "The Slender Tree: A Life of Alice Meynell" ,
 "2104389498.txt" , "http://data.open.ac.uk/red/document/759868514-567" , "Letters of Mrs Gaskell, The" ,
 "1736494668.txt" , "http://data.open.ac.uk/red/document/1713691467-4-418-9" , "Henry James: Letters" ,
 "1873128838.txt" , "http://data.open.ac.uk/red/document/1304789766-76" , "The Journals of George Eliot" ,
 "1463250390.txt" , "http://data.open.ac.uk/red/document/677026060-84" , "Journals of Dorothy Wordsworth" ,
 "155417893.txt" , "http://data.open.ac.uk/red/document/1693504681-31" , "Letters Hitherto Unpublished, Written by Members of Sir Walter Scott's Family to their Old Governess" ,
 "1065916682.txt" , "http://data.open.ac.uk/red/document/2100384267-3-198" , "Harriet Martineau's Autobiography with Memorials by Maria Weston Chapman" ,
 "1174292615.txt" , "http://data.open.ac.uk/red/document/1766703019-92" , "Women's reading in Britain, 1750-1835. A dangerous recreation." ,
 "1099436936.txt" , "http://data.open.ac.uk/red/document/1017630223-3-34" , "The diary of Samuel Pepys" ,
 "2027016761.txt" , "http://data.open.ac.uk/red/document/953673105-120" , "				The Autobiography of Francis Place (1771-1854)" ,
 "1345577254.txt" , "http://data.open.ac.uk/red/document/677026060-33" , "Journals of Dorothy Wordsworth" ,
 "1298694282.txt" , "http://data.open.ac.uk/red/document/1623884496-5-297" , "The Collected Letters of Joseph Conrad Volume 5, 1912-1916" ,
 "1036118445.txt" , "http://data.open.ac.uk/red/document/1578754424-3-862" , "The diaries of John Ruskin" ,
 "1224600159.txt" , "http://data.open.ac.uk/red/document/31024094-i-178" , "The Journals of Mary Shelley 1814-1844" ,
 "838390155.txt" , "http://data.open.ac.uk/red/document/1713670404-29" , "The Diary of a Canny Man 1818-1828- Adam Mackie Farmer, Merchant, and Innkeeper in Fyvie" ,
 "1250620086.txt" , "http://data.open.ac.uk/red/document/1578754424-3-974" , "The diaries of John Ruskin" ,
 "1699461517.txt" , "http://data.open.ac.uk/red/document/1713691467-2-422" , "Henry James: Letters" ,
 "1129314177.txt" , "http://data.open.ac.uk/red/document/950840974-183" , "The Brontes: A Life in Letters" ,
 "1316355274.txt" , "http://data.open.ac.uk/red/document/1276110480-21" , "The Autobiography of Elizabeth M. Sewell" ,
 "1226840095.txt" , "http://data.open.ac.uk/red/document/1017630223-8-382" , "The diary of Samuel Pepys" ,
 "1392267231.txt" , "http://data.open.ac.uk/red/document/568680685-201" , "Arnold Bennett" ,
 "819224912.txt" , "http://data.open.ac.uk/red/document/2023786255-171" , "The Hard Way Up" ,
 "1486062495.txt" , "http://data.open.ac.uk/red/document/1724137216-2-190" , "The Letters of Robert Louis Stevenson, April 1874-July 1879" ,
 "1584947054.txt" , "http://data.open.ac.uk/red/document/30296190-239-40" , "Memorials of the Life of Amelia Opie" ,
 "38249504.txt" , "http://data.open.ac.uk/red/document/1017630223-7-235" , "The diary of Samuel Pepys" ,
 "819708798.txt" , "http://data.open.ac.uk/red/document/1024218071-195" , "Collected Letters of Mary Wollstonecraft" ,
 "409599197.txt" , "http://data.open.ac.uk/red/document/1425159857-9-83" , "Byron's Letters and Journals" ,
 "1097483789.txt" , "http://data.open.ac.uk/red/document/1322872021-4-367" , "The Diary of Virginia Woolf" ,
 "1478470140.txt" , "http://data.open.ac.uk/red/document/841202692-31" , "				Memorials of a Consecrated Life" ,
 "875662466.txt" , "http://data.open.ac.uk/red/document/759868514-465" , "Letters of Mrs Gaskell, The" ,
 "1388803170.txt" , "http://data.open.ac.uk/red/document/2003793682-2-403" , "The Life and Letters of Lord Macaulay" ,
 "500149618.txt" , "http://data.open.ac.uk/red/document/1541159204-1-77" , "The Selected Letters of Leslie Stephen Vol. 1 1864-1882" ,
 "211889955.txt" , "http://data.open.ac.uk/red/document/1874514058-107" , "Shades of the prison house: A personal memoir" ,
 "1993861200.txt" , "http://data.open.ac.uk/red/document/1425159857-4-45" , "Byron's Letters and Journals" ,
 "1832941579.txt" , "http://data.open.ac.uk/red/document/385397158-244" , "The Diary of Benjamin Newton, Rector of wath, 1816-1819" ,
 "947359820.txt" , "http://data.open.ac.uk/red/document/1425159857-10-165" , "Byron's Letters and Journals" ,
 "2006014169.txt" , "http://data.open.ac.uk/red/document/1691559794-1-343" , "The Collected Letters of Thomas and Jane Welsh Carlyle" ,
 "1263933835.txt" , "http://data.open.ac.uk/red/document/1068083864-372" , "The Intellectual Life of the British Working Classes" ,
 "1748944326.txt" , "http://data.open.ac.uk/red/document/1127450181-35" , "Romilly-Edgeworth Letters 1813-1818" ,
 "2087341794.txt" , "http://data.open.ac.uk/red/document/875488425-176" , "Sublime and Instructive. Letters from John Ruskin to Louisa, Marchioness of Waterford, Anna Blunden and Elle Heaton." ,
 "366491806.txt" , "http://data.open.ac.uk/red/document/620227624-233" , "Life and Death in Changi" ,
 "2130689711.txt" , "http://data.open.ac.uk/red/document/988427687-75" , "Father and Son: a study of two temperments" ,
 "175966903.txt" , "http://data.open.ac.uk/red/document/524198290-iii-192" , "Letters of Arnold Bennett Vol.III 1916 -1931" ,
 "329039346.txt" , "http://data.open.ac.uk/red/document/1790684547-268" , "Testament of Youth" ,
 "1854910526.txt" , "http://data.open.ac.uk/red/document/1959844752-172" , "Testament of Friendship" ,
 "520176784.txt" , "http://data.open.ac.uk/red/document/1766703019-142" , "Women's reading in Britain, 1750-1835. A dangerous recreation." ,
 "659298650.txt" , "http://data.open.ac.uk/red/document/1666441868-i-79" , "Thraliana" ,
 "1014191483.txt" , "http://data.open.ac.uk/red/document/1182348538-177-178" , "								The Natural History Prose Writings" ,
 "839384064.txt" , "http://data.open.ac.uk/red/document/2045927088-1-209" , "Extracts of the Journals and Correspondence of Miss Berry, from the year 1783 to 1852" ,
 "577500121.txt" , "http://data.open.ac.uk/red/document/359795256-193" , "Correspondence of Ford Madox Ford and Stella Bowen, The" ,
 "1586812807.txt" , "http://data.open.ac.uk/red/document/172625866-i-178" , "Antonia White. Diaries 1926-1957" ,
 "696054966.txt" , "http://data.open.ac.uk/red/document/352935778-796" , "Life of Johnson" ,
 "2042841696.txt" , "http://data.open.ac.uk/red/document/1032154052-161" , "Harriet Martineau's Letters to Fanny Wedgwood" ,
 "2006366740.txt" , "http://data.open.ac.uk/red/document/724412236-129" , "Commonplace Book" ,
 "1806750546.txt" , "http://data.open.ac.uk/red/document/1017630223-4-202" , "The diary of Samuel Pepys" ,
 "2069843516.txt" , "http://data.open.ac.uk/red/document/1893137410-228" , "The Autobiography and Letters of Mrs. M.O.W.Oliphant" ,
 "1562532971.txt" , "http://data.open.ac.uk/red/document/391132205-preface" , "Madam How and Lady Why" ,
 "1048006143.txt" , "http://data.open.ac.uk/red/document/1817098133-182" , "Diary of Lady Margaret Hoby" ,
 "1281010187.txt" , "http://data.open.ac.uk/red/document/1068083864-369" , "The Intellectual Life of the British Working Classes" ,
 "1681650035.txt" , "http://data.open.ac.uk/red/document/59386155-23" , "Journal of Katherine Mansfield" ,
 "1304110205.txt" , "http://data.open.ac.uk/red/document/966600737-894" , "Writers, Readers, and Reputations: Literary Life in Britain 1870-1918" ,
 "895267863.txt" , "http://data.open.ac.uk/red/document/1017630223-4-433-434" , "The diary of Samuel Pepys" ,
 "403645113.txt" , "http://data.open.ac.uk/red/document/12584314-14" , "Gabriel Harvey's Marginalia" ,
 "800712059.txt" , "http://data.open.ac.uk/red/document/1322872021-5-25" , "The Diary of Virginia Woolf" ,
 "1955854227.txt" , "http://data.open.ac.uk/red/document/1068083864-209" , "The Intellectual Life of the British Working Classes" ,
 "1477406284.txt" , "http://data.open.ac.uk/red/document/9962955-95" , "A Soldier's Diary of the Great War" ,
 "1822878079.txt" , "http://data.open.ac.uk/red/document/1724137216-2-220" , "The Letters of Robert Louis Stevenson, April 1874-July 1879" ,
 "1756316463.txt" , "http://data.open.ac.uk/red/document/761933963-41" , "Memoirs of a Working Man" ,
 "836533049.txt" , "http://data.open.ac.uk/red/document/759868514-566" , "Letters of Mrs Gaskell, The" ,
 "671079366.txt" , "http://data.open.ac.uk/red/document/1590720256-396_n6" , "Frances Burney: The Life in the Works" ,
 "1030641287.txt" , "http://data.open.ac.uk/red/document/1118376113-2-167" , "Harriet Martineau's Autobiography" ,
 "1219872239.txt" , "http://data.open.ac.uk/red/document/352935778-285" , "Life of Johnson" ,
 "1257626775.txt" , "http://data.open.ac.uk/red/document/1759532570-81" , "A Diary of the Great War" ,
 "87181722.txt" , "http://data.open.ac.uk/red/document/1425159857-4-81" , "Byron's Letters and Journals" ,
 "1432913550.txt" , "http://data.open.ac.uk/red/document/1118376113-1-104" , "Harriet Martineau's Autobiography" ,
 "1472822304.txt" , "http://data.open.ac.uk/red/document/1769803031-ii-306" , "Letters of Arnold Bennett Vol.II 1889-1915" ,
 "122761444.txt" , "http://data.open.ac.uk/red/document/1524244890-1-25-26" , "				London Labour and the London Poor" ,
 "122761444.txt" , "http://data.open.ac.uk/red/document/1524244890-1-25-26" , "London Labour and the London Poor" ,
 "298477729.txt" , "http://data.open.ac.uk/red/document/1139772816-7-77" , "The Collected Letters of Joseph Conrad Volume 7 1920-1922" ,
 "63125881.txt" , "http://data.open.ac.uk/red/document/1017630223-4-270" , "The diary of Samuel Pepys" ,
 "862357696.txt" , "http://data.open.ac.uk/red/document/172625866-i-79" , "Antonia White. Diaries 1926-1957" ,
 "97502438.txt" , "http://data.open.ac.uk/red/document/2125565779-83" , "				A Cab at the Door. An autobiography: early years" ,
 "1811794359.txt" , "http://data.open.ac.uk/red/document/759868514-352" , "Letters of Mrs Gaskell, The" ,
 "974068668.txt" , "http://data.open.ac.uk/red/document/519690899-46" , "Henry Williamson and the First World War" ,
 "1489799086.txt" , "http://data.open.ac.uk/red/document/2045927088-3-370" , "Extracts of the Journals and Correspondence of Miss Berry from the Year 1783 to 1852" ,
 "1708559978.txt" , "http://data.open.ac.uk/red/document/1425159857-7-113" , "Byron's Letters and Journals" ,
 "456672379.txt" , "http://data.open.ac.uk/red/document/940024742-245" , "The Woman Reader: 1837-1914" ,
 "1721811772.txt" , "http://data.open.ac.uk/red/document/1607022198-202" , "																																																																Father and Son : a study of two temperments" ,
 "1721811772.txt" , "http://data.open.ac.uk/red/document/1607022198-202" , "																																																												Father and Son : a study of two temperments" ,
 "1516615898.txt" , "http://data.open.ac.uk/red/document/1524244890-1-25-26" , "				London Labour and the London Poor" ,
 "1516615898.txt" , "http://data.open.ac.uk/red/document/1524244890-1-25-26" , "London Labour and the London Poor" ,
 "1963033164.txt" , "http://data.open.ac.uk/red/document/320521980-254" , "Letters of Lady Louisa Stuart, The" ,
 "1924349332.txt" , "http://data.open.ac.uk/red/document/442197564-195" , "The Woman Reader 1837-1914" ,
 "1932269551.txt" , "http://data.open.ac.uk/red/document/1425159857-5-265" , "Byron's Letters and Journals" ,
 "851316027.txt" , "http://data.open.ac.uk/red/document/289662976-316" , "Testament of Experience" ,
 "1142234257.txt" , "http://data.open.ac.uk/red/document/1304789766-43" , "The Journals of George Eliot" ,
 "1920893132.txt" , "http://data.open.ac.uk/red/document/1764545679-6" , "The Sitwells: Edith, Osbert and Sacheverell" ,
 "1889791907.txt" , "http://data.open.ac.uk/red/document/1425159857-8-147" , "Byron's Letters and Journals" ,
 "360017253.txt" , "http://data.open.ac.uk/red/document/1016865205-8" , "The autobiography of Joseph Mayett of Quainton" ,
 "1455207093.txt" , "http://data.open.ac.uk/red/document/1691559794-1-127" , "The Collected Letters of Thomas and Jane Welsh Carlyle" ,
 "1132389422.txt" , "http://data.open.ac.uk/red/document/1724137216-2-144" , "The Letters of Robert Louis Stevenson, April 1874-July 1879" ,
 "622491985.txt" , "http://data.open.ac.uk/red/document/1425159857-5-111" , "Byron's Letters and Journals" ,
 "993188268.txt" , "http://data.open.ac.uk/red/document/1873272690-168" , "Gorbals Boy at Oxford" ,
 "1596981888.txt" , "http://data.open.ac.uk/red/document/966600737-605" , "Writers, Readers, and Reputations: Literary Life in Britain 1870-1918" ,
 "77971529.txt" , "http://data.open.ac.uk/red/document/320521980-112" , "Letters of Lady Louisa Stuart, The" ,
 "461936248.txt" , "http://data.open.ac.uk/red/document/1713691467-4-466" , "Henry James: Letters" ,
 "294514008.txt" , "http://data.open.ac.uk/red/document/172625866-i-181" , "Antonia White. Diaries 1926-1957" ,
 "313794795.txt" , "http://data.open.ac.uk/red/document/1045939218-655" , "The Journals of John Marsh" ,
 "488910557.txt" , "http://data.open.ac.uk/red/document/980294634-28" , "Mountstuart Elphinstone" ,
 "920340728.txt" , "http://data.open.ac.uk/red/document/0" , 												 ,
 "920340728.txt" , "http://data.open.ac.uk/red/document/0" , 																								 ,
 "920340728.txt" , "http://data.open.ac.uk/red/document/0" , 																 ,
 "920340728.txt" , "http://data.open.ac.uk/red/document/0" , 				 ,
 "920340728.txt" , "http://data.open.ac.uk/red/document/0" , 								 ,
 "186199451.txt" , "http://data.open.ac.uk/red/document/264414484-98" , "Two East Anglian Diaries 1641-1729: Isaac Archer and William Coe" ,
 "1298719281.txt" , "http://data.open.ac.uk/red/document/657161740-207" , "Gabriel Harvey: His Life, Marginalia and Library" ,
 "324280408.txt" , "http://data.open.ac.uk/red/document/620432880-ii-107-8" , "Diary of a Lady-in-Waiting, The" ,
 "1162322014.txt" , "http://data.open.ac.uk/red/document/1724137216-2-209" , "The Letters of Robert Louis Stevenson, April 1874-July 1879" ,
 "537902737.txt" , "http://data.open.ac.uk/red/document/759868514-902" , "Letters of Mrs Gaskell, The" ,
 "1356772753.txt" , "http://data.open.ac.uk/red/document/1691559794-2-113-114" , "The Collected Letters of Thomas and Jane Welsh Carlyle" ,
 "289824673.txt" , "http://data.open.ac.uk/red/document/1764545679-7" , "The Sitwells: Edith, Osbert and Sacheverell" ,
 "1708844150.txt" , "http://data.open.ac.uk/red/document/295383353-2-86" , "Extracts of the Journal and Correspondence of Miss Berry From the Year 1783 to 1852" ,
 "1193936428.txt" , "http://data.open.ac.uk/red/document/2100384267-3-31" , "Harriet Martineau's Autobiography with Memorials by Maria Weston Chapman" ,
 "2018898739.txt" , "http://data.open.ac.uk/red/document/2004106248-i-216" , "Memoirs of Laetitia Pilkington" ,
 "80719229.txt" , "http://data.open.ac.uk/red/document/1874514058-244" , "Shades of the prison house: A personal memoir" ,
 "480757181.txt" , "http://data.open.ac.uk/red/document/2100384267-3-477" , "Harriet Martineau's Autobiography with Memorials by Maria Weston Chapman" ,
 "1971440362.txt" , "http://data.open.ac.uk/red/document/759868514-746" , "Letters of Mrs Gaskell, The" ,
 "1105647644.txt" , "http://data.open.ac.uk/red/document/1578754424-2-569" , "The diaries of John Ruskin" ,
 "1418900333.txt" , "http://data.open.ac.uk/red/document/2045927088-2-346-47" , "Extracts of the Journals and Correspondence of Miss Berry From the Year 1783 to 1852" ,
 "962376142.txt" , "http://data.open.ac.uk/red/document/1425159857-9-157" , "Byron's Letters and Journals" ,
 "1878400630.txt" , "http://data.open.ac.uk/red/document/1804927219-120" , "The letters of Alfred Lord Tennyson" ,
 "1695156582.txt" , "http://data.open.ac.uk/red/document/2003793682-2-410" , "The Life and Letters of Lord Macaulay" ,
 "1695156582.txt" , "http://data.open.ac.uk/red/document/2003793682-2-410" , "				The Life and Letters of Lord Macaulay" ,
 "1695156582.txt" , "http://data.open.ac.uk/red/document/2003793682-2-410" , "								The Life and Letters of Lord Macaulay" ,
 "1118878382.txt" , "http://data.open.ac.uk/red/document/620227624-89" , "Life and Death in Changi" ,
 "60477372.txt" , "http://data.open.ac.uk/red/document/351948602-55" , "Fanny Kemble's Journals" ,
 "1042739018.txt" , "http://data.open.ac.uk/red/document/980294634-28" , "Mountstuart Elphinstone" ,
 "1841532666.txt" , "http://data.open.ac.uk/red/document/1017630223-8-351" , "The diary of Samuel Pepys" ,
 "45241293.txt" , "http://data.open.ac.uk/red/document/1880099744-33" , "The Life of Mrs Humphry Ward" ,
 "1893896056.txt" , "http://data.open.ac.uk/red/document/1017630223-2-217" , "The diary of Samuel Pepys" ,
 "1394740663.txt" , "http://data.open.ac.uk/red/document/1510123404-1-124" , "The Letters of William and Dorothy Wordsworth. The Middle Years, Part I: 1806-1811" ,
 "622414473.txt" , "http://data.open.ac.uk/red/document/1304789766-113" , "The Journals of George Eliot" ,
 "995959125.txt" , "http://data.open.ac.uk/red/document/98171548-24" , "Journal of Emily Shore" ,
 "824203892.txt" , "http://data.open.ac.uk/red/document/1674853213-227" , "Orientations" ,
 "335162724.txt" , "http://data.open.ac.uk/red/document/289662976-134" , "Testament of Experience" ,
 "1822090385.txt" , "http://data.open.ac.uk/red/document/1017630223-4-138" , "The diary of Samuel Pepys" ,
 "2133032205.txt" , "http://data.open.ac.uk/red/document/540060842-20-21" , "Some Memoirs of the Life of Tho. Tryon, Late of London, Merchant" ,
 "1240018247.txt" , "http://data.open.ac.uk/red/document/1118376113-1-427" , "Harriet Martineau's Autobiography" ,
 "375984490.txt" , "http://data.open.ac.uk/red/document/1176970197-418" , "Kamet Conquered : in The Six Alpine/Himalayan Climbing Books" ,
 "1583567790.txt" , "http://data.open.ac.uk/red/document/30296190-68-70" , "Memorials of the Life of Amelia Opie" ,
 "1510693563.txt" , "http://data.open.ac.uk/red/document/1691559794-i-77" , "The Collected Letters of Thomas and Jane Welsh Carlyle" ,
 "259582515.txt" , "http://data.open.ac.uk/red/document/2038304742-2-12" , "The Letters of William and Dorothy Wordsworth: The Middle Years 1806-1811" ,
 "1399970592.txt" , "http://data.open.ac.uk/red/document/524198290-iii-186" , "Letters of Arnold Bennett Vol.III 1916 -1931" ,
 "1825918256.txt" , "http://data.open.ac.uk/red/document/538930933-43" , "Lloyd George: A Diary by Frances Stevenson" ,
 "462364750.txt" , "http://data.open.ac.uk/red/document/311304244-i-15" , "Collected Letters of James Hogg, The" ,
 "1433384518.txt" , "http://data.open.ac.uk/red/document/524198290-iii-200" , "Letters of Arnold Bennett Vol.III 1916 -1931" ,
 "412690939.txt" , "http://data.open.ac.uk/red/document/1586367545-2-487-488" , "Domestic Annals of Scotland from the Reformation to the Revolution, 2 vols" ,
 "1824567832.txt" , "http://data.open.ac.uk/red/document/1068083864-191-2" , "The Intellectual Life of the British Working Classes" ,
 "1087818839.txt" , "http://data.open.ac.uk/red/document/1713691467-4-643" , "Henry James: Letters" ,
 "65399068.txt" , "http://data.open.ac.uk/red/document/656791608-159" , "Paradise Pursued: The Novels of Rose Macaulay" ,
 "277341046.txt" , "http://data.open.ac.uk/red/document/1412622092-1-103" , "Memoirs of a Social Atom" ,
 "1071241040.txt" , "http://data.open.ac.uk/red/document/1322872021-3-53" , "The Diary of Virginia Woolf" ,
 "1911858324.txt" , "http://data.open.ac.uk/red/document/1176008983-76-77" , "Life and Yesterday" ,
 "1628022971.txt" , "http://data.open.ac.uk/red/document/1691559794-4-353" , "The Collected Letters of Thomas and Jane Welsh Carlyle" ,
 "652649151.txt" , "http://data.open.ac.uk/red/document/1235392668-14" , "Working man's way into the world" ,
 "982821239.txt" , "http://data.open.ac.uk/red/document/536458801-58" , "My Experiences as a German Prisoner" ,
 "1800497706.txt" , "http://data.open.ac.uk/red/document/759868514-533" , "Letters of Mrs Gaskell, The" ,
 "1592609448.txt" , "http://data.open.ac.uk/red/document/2063515899-257" , "				A Spirited Yorkshirewoman" ,
 "863899618.txt" , "http://data.open.ac.uk/red/document/1016865205-70" , "The Autobiography of Joseph Mayett of Quainton" ,
 "52814086.txt" , "http://data.open.ac.uk/red/document/295954009-14" , "The Burgoyne Diaries" ,
 "1847242006.txt" , "http://data.open.ac.uk/red/document/524198290-iii-51" , "Letters of Arnold Bennett Vol.III 1916 -1931" ,
 "1450814193.txt" , "http://data.open.ac.uk/red/document/524198290-iii-17" , "Letters of Arnold Bennett Vol.III 1916 -1931" ,
 "566068503.txt" , "http://data.open.ac.uk/red/document/1099017307-n/a-201-203" , "The Whole Disgraceful Truth: Selected Letters of Lady Caroline Lamb" ,
 "739249516.txt" , "http://data.open.ac.uk/red/document/1322872021-3-156" , "The Diary of Virginia Woolf" ,
 "2090548356.txt" , "http://data.open.ac.uk/red/document/164448333-192-4" , "Early Days" ,
 "953302879.txt" , "http://data.open.ac.uk/red/document/1068083864-374" , "The Intellectual Life of the British Working Classes" ,
 "1476027312.txt" , "http://data.open.ac.uk/red/document/540595828-254" , "Hearts Undefeated: Women's Writing of the Second World War" ,
 "1535282356.txt" , "http://data.open.ac.uk/red/document/341169331-2-186" , "The Collected Letters of Joseph Conrad Volume 2, 1898-1902" ,
 "156439954.txt" , "http://data.open.ac.uk/red/document/759868514-586" , "Letters of Mrs Gaskell, The" ,
 "878490248.txt" , "http://data.open.ac.uk/red/document/1923998496-57" , "Diaries of a dying man" ,
 "1597016585.txt" , "http://data.open.ac.uk/red/document/1425159857-4-303" , "Byron's Letters and Journals" ,
 "1732978956.txt" , "http://data.open.ac.uk/red/document/1273812209-71" , "Alexander Pope and his Eighteenth-Century Women Readers" ,
 "555813006.txt" , "http://data.open.ac.uk/red/document/1357827945-166" , "Jane Austen's Letters" ,
 "929633922.txt" , "http://data.open.ac.uk/red/document/320521980-161" , "Letters of Lady Louisa Stuart, The" ,
 "1909180386.txt" , "http://data.open.ac.uk/red/document/1713032563-20-21" , "Sixty Years In Queensland Schools" ,
 "497372931.txt" , "http://data.open.ac.uk/red/document/759868514-599" , "Letters of Mrs Gaskell, The" ,
 "737051528.txt" , "http://data.open.ac.uk/red/document/1459868823-i-92" , "The Wynne Diaries" ,
 "1551809521.txt" , "http://data.open.ac.uk/red/document/1724137216-2-117" , "The Letters of Robert Louis Stevenson, April 1874-July 1879" ,
 "1272019470.txt" , "http://data.open.ac.uk/red/document/2045927088-3-170" , "Extracts of the Journals and Correspondence of Miss Berry from the Year 1783 to 1852" ,
 "930039940.txt" , "http://data.open.ac.uk/red/document/1614629800-53-54" , "Blue Remembered Hills: A Recollection" ,
 "585132129.txt" , "http://data.open.ac.uk/red/document/540060842-18-19" , "Some Memoirs of the Life of Tho. Tryon, Late of London, Merchant" ,
 "580331089.txt" , "http://data.open.ac.uk/red/document/777920242-476" , "Felicia Hemans: Selected Poems, Letters, Reception Materials" ,
 "1861487365.txt" , "http://data.open.ac.uk/red/document/1068083864-355" , "The Intellectual Life of the British Working Classes" ,
 "1338708344.txt" , "http://data.open.ac.uk/red/document/163552709-1-412" , "Macready's Reminiscences, and selections from his diaries and letters" ,
 "2023642821.txt" , "http://data.open.ac.uk/red/document/1118376113-1-245-46" , "Harriet Martineau's Autobiography" ,
 "1939575942.txt" , "http://data.open.ac.uk/red/document/13163728-xix-407" , "The New Monthly Magazine and Literary Journal" ,
 "6822249.txt" , "http://data.open.ac.uk/red/document/1143145606-1-131" , "The Friendships of Mary Russell Mitford" ,
 "1785512944.txt" , "http://data.open.ac.uk/red/document/352935778-275-6" , "Life of Johnson" ,
 "719471715.txt" , "http://data.open.ac.uk/red/document/1068083864-300" , "																																																																																																																																																																																																				The Intellectual Life of the British Working Classes" ,
 "719471715.txt" , "http://data.open.ac.uk/red/document/1068083864-300" , "																																																																																																																																																																																																The Intellectual Life of the British Working Classes" ,
 "719471715.txt" , "http://data.open.ac.uk/red/document/1068083864-300" , "																																																																																																																																																																																																								The Intellectual Life of the British Working Classes" ,
 "1463471849.txt" , "http://data.open.ac.uk/red/document/1691559794-4-249" , "The Collected Letters of Thomas and Jane Welsh Carlyle" ,
 "1024033339.txt" , "http://data.open.ac.uk/red/document/759868514-522" , "Letters of Mrs Gaskell, The" ,
 "362516558.txt" , "http://data.open.ac.uk/red/document/1802612152-97" , "Marginalia: Readers Writing in Books" ,
 "18160526.txt" , "http://data.open.ac.uk/red/document/1691559794-i-79" , "The Collected Letters of Thomas and Jane Welsh Carlyle" ,
 "1062043074.txt" , "http://data.open.ac.uk/red/document/100101429-196-7" , "Selected Letters of Samuel Richardson" ,
 "1350926432.txt" , "http://data.open.ac.uk/red/document/941555690-217" , "Undertones of War" ,
 "1635713703.txt" , "http://data.open.ac.uk/red/document/2045927088-2-428-29" , "Extracts of the Journals and Correspondence of Miss Berry From the Year 1783 to 1852" ,
 "944437826.txt" , "http://data.open.ac.uk/red/document/1357827945-198" , "Jane Austen's Letters" ,
 "2079021714.txt" , "http://data.open.ac.uk/red/document/13163728-xix-574" , "The New Monthly Magazine and Literary Journal" ,
 "550173731.txt" , "http://data.open.ac.uk/red/document/235235179-520-21" , "John Keats: The Complete Poems" ,
 "140569197.txt" , "http://data.open.ac.uk/red/document/359795256-103" , "Correspondence of Ford Madox Ford and Stella Bowen, The" ,
 "1306274632.txt" , "http://data.open.ac.uk/red/document/1458553339-319" , "The Criminal Prisons of London" ,
 "696097012.txt" , "http://data.open.ac.uk/red/document/352935778-398" , "Life of Johnson" ,
 "196193024.txt" , "http://data.open.ac.uk/red/document/988427687-120-121" , "Father and Son: a study of two temperments" ,
 "186790925.txt" , "http://data.open.ac.uk/red/document/1068083864-37" , "The Intellectual Life of the British Working Classes" ,
 "1945023410.txt" , "http://data.open.ac.uk/red/document/1068083864-56" , "The Intellectual Life of the British Working Classes" ,
 "367726861.txt" , "http://data.open.ac.uk/red/document/1724137216-2-228" , "The Letters of Robert Louis Stevenson, April 1874-July 1879" ,
 "1709156718.txt" , "http://data.open.ac.uk/red/document/359795256-353" , "Correspondence of Ford Madox Ford and Stella Bowen, The" ,
 "1780958619.txt" , "http://data.open.ac.uk/red/document/1068083864-74" , "The Intellectual Life of the British Working Classes" ,
 "1780958619.txt" , "http://data.open.ac.uk/red/document/1068083864-74" , "				The Intellectual Life of the British Working Classes" ,
 "1780958619.txt" , "http://data.open.ac.uk/red/document/1068083864-74" , "								The Intellectual Life of the British Working Classes" ,
 "1647317116.txt" , "http://data.open.ac.uk/red/document/352935778-574" , "Life of Johnson" ,
 "843182027.txt" , "http://data.open.ac.uk/red/document/359456825-xi-41" , "The British Review and London Critical Journal" ,
 "345409578.txt" , "http://data.open.ac.uk/red/document/966600737-189" , "Writers, Readers, and Reputations: Literary Life in Britain 1870-1918" ,
 "54564853.txt" , "http://data.open.ac.uk/red/document/940024742-220" , "The Woman Reader: 1837-1914" ,
 "1484242946.txt" , "http://data.open.ac.uk/red/document/620432880-i-19" , "Diary of a Lady-in-Waiting, The" ,
 "1309354643.txt" , "http://data.open.ac.uk/red/document/352935778-1290-1" , "Life of Johnson" ,
 "1459181022.txt" , "http://data.open.ac.uk/red/document/1859599214-10" , "Jail Journal" ,
 "1748436525.txt" , "http://data.open.ac.uk/red/document/1322872021-4-272" , "The Diary of Virginia Woolf" ,
 "1471658689.txt" , "http://data.open.ac.uk/red/document/1691559794-i-90-1" , "The Collected Letters of Thomas and Jane Welsh Carlyle" ,
 "29100167.txt" , "http://data.open.ac.uk/red/document/761933963-19" , "Memoirs of a Working Man" ,
 "1238398481.txt" , "http://data.open.ac.uk/red/document/759868514-117" , "Letters of Mrs Gaskell, The" ,
 "1436503075.txt" , "http://data.open.ac.uk/red/document/1118376113-2-159" , "Harriet Martineau's Autobiography" ,
 "1597011600.txt" , "http://data.open.ac.uk/red/document/352935778-595" , "Life of Johnson" ,
 "1933726730.txt" , "http://data.open.ac.uk/red/document/1176008983-81" , "Life and Yesterday" ,
 "1905600974.txt" , "http://data.open.ac.uk/red/document/2003793682-2-420" , "The Life and Letters of Lord Macaulay" ,
 "1905600974.txt" , "http://data.open.ac.uk/red/document/2003793682-2-420" , "				The Life and Letters of Lord Macaulay" ,
 "2045063586.txt" , "http://data.open.ac.uk/red/document/2004106248-i-22" , "Memoirs of Laetitia Pilkington" ,
 "1520785036.txt" , "http://data.open.ac.uk/red/document/1322872021-2-199-200" , "The Diary of Virginia Woolf" ,
 "662670000.txt" , "http://data.open.ac.uk/red/document/320521980-143-4" , "Letters of Lady Louisa Stuart, The" ,
 "773939303.txt" , "http://data.open.ac.uk/red/document/928661317-122" , "Another World: 1897-1917" ,
 "516164360.txt" , "http://data.open.ac.uk/red/document/411365360-360" , "Selected Letters and Journals of George Crabbe" ,
 "1027291027.txt" , "http://data.open.ac.uk/red/document/212566552-1-127-128" , "Miss Weeton's Journal of a Governess" ,
 "1850385335.txt" , "http://data.open.ac.uk/red/document/637927959-87" , "The story and the fable: An autobiography" ,
 "1250754851.txt" , "http://data.open.ac.uk/red/document/1802612152-123-37_124" , "Marginalia: Readers Writing in Books" ,
 "1414405883.txt" , "http://data.open.ac.uk/red/document/2100384267-3-455" , "Harriet Martineau's Autobiography with Memorials by Maria Weston Chapman" ,
 "1497375105.txt" , "http://data.open.ac.uk/red/document/31024094-i-123" , "The Journals of Mary Shelley 1814-1844" ,
 "1054199994.txt" , "http://data.open.ac.uk/red/document/1973330905-14" , "Visits to female prisoners at home and abroad" ,
 "852006344.txt" , "http://data.open.ac.uk/red/document/1618844529-100-103" , "Life Rarely Tells: An Autobiographical Account Ending in the Year 1921 and Situated Mostly in Brisbane Queensland" ,
 "1645520493.txt" , "http://data.open.ac.uk/red/document/1425159857-3-210-11" , "Byron's Letters and Journals" ,
 "1471737744.txt" , "http://data.open.ac.uk/red/document/1180855657-125" , "The Dairy of Thomas Turner" ,
 "1879183990.txt" , "http://data.open.ac.uk/red/document/1017630223-8-431-432" , "The diary of Samuel Pepys" ,
 "1757552503.txt" , "http://data.open.ac.uk/red/document/1357827945-205" , "Jane Austen's Letters" ,
 "1692097500.txt" , "http://data.open.ac.uk/red/document/1273812209-73" , "Alexander Pope and his Eighteenth-Century Women Readers" ,
 "463834281.txt" , "http://data.open.ac.uk/red/document/352935778-196" , "Life of Johnson" ,
 "1592930593.txt" , "http://data.open.ac.uk/red/document/289174920-19" , "Memoirs of the Life of Catherine Phillips: to which are added some of her epistles" ,
 "1534462483.txt" , "http://data.open.ac.uk/red/document/950840974-165" , "The Brontes: A Life in Letters" ,
 "967967595.txt" , "http://data.open.ac.uk/red/document/163552709-2-39" , "Macready's Reminiscences, and selections from his diaries and letters" ,
 "1212432240.txt" , "http://data.open.ac.uk/red/document/1541159204-1-54-5" , "The Selected Letters of Leslie Stephen Vol 1 1864-1882				" ,
 "762974073.txt" , "http://data.open.ac.uk/red/document/2045927088-3-371" , "Extracts of the Journals and Correspondence of Miss Berry from the Year 1783 to 1852" ,
 "1311464648.txt" , "http://data.open.ac.uk/red/document/1691559794-i-100" , "The Collected Letters of Thomas and Jane Welsh Carlyle" ,
 "1112748125.txt" , "http://data.open.ac.uk/red/document/950840974-266" , "The Brontes: A Life in Letters" ,
 "1103810103.txt" , "http://data.open.ac.uk/red/document/444893407-403" , "Letters of Sarah Harriet Burney, The" ,
 "852036886.txt" , "http://data.open.ac.uk/red/document/518783211-72" , "Books and Myself" ,
 "1934590070.txt" , "http://data.open.ac.uk/red/document/1923998496-27" , "Diaries of a dying man" ,
 "1181126333.txt" , "http://data.open.ac.uk/red/document/1713691467-4-686" , "Henry James: Letters" ,
 "824324066.txt" , "http://data.open.ac.uk/red/document/1589860221-4-240-41" , "The Collected Letters of Joseph Conrad Volume 4 1908-1911" ,
 "1018317422.txt" , "http://data.open.ac.uk/red/document/1461957620-2-434" , "The Selected Letters of Leslie Stephen Vol 2 1882-1904		" ,
 "494746774.txt" , "http://data.open.ac.uk/red/document/1541159204-1-70" , "The Selected Letters of Leslie Stephen Vol 1 1864-1882." ,
 "1112888229.txt" , "http://data.open.ac.uk/red/document/524198290-iii-224" , "Letters of Arnold Bennett Vol.III 1916 -1931" ,
 "796216436.txt" , "http://data.open.ac.uk/red/document/1442103814-19" , "The Aftermath: with Autobiography of the Author, John Bedford Leno" ,
 "1633540428.txt" , "http://data.open.ac.uk/red/document/1769803031-ii-158" , "Letters of Arnold Bennett Vol.II 1889-1915" ,
 "495977470.txt" , "http://data.open.ac.uk/red/document/1541159204-1-176" , "The Selected Letters of Leslie Stephen Vol. 1 1864-1882.	" ,
 "933971512.txt" , "http://data.open.ac.uk/red/document/2004106248-i-213" , "Memoirs of Laetitia Pilkington" ,
 "1598822536.txt" , "http://data.open.ac.uk/red/document/1591664368-147" , "Wordsworth's Reading 1800-1815" ,
 "1588459415.txt" , "http://data.open.ac.uk/red/document/2105968600-59" , "Joseph Conrad: A Personal Remembrance" ,
 "175421695.txt" , "http://data.open.ac.uk/red/document/352935778-187" , "Life of Johnson" ,
 "227791190.txt" , "http://data.open.ac.uk/red/document/966600737-666" , "Writers, Readers, and Reputations: Literary Life in Britain 1870-1918" ,
 "1974134206.txt" , "http://data.open.ac.uk/red/document/514421849-19" , "The Diary of Thomas Turner" ,
