play[V],3149,5362
hear[V],2620,3598
come[V],1867,2389
sing[V],1783,2725
make[V],1759,2157
give[V],1647,2038
take[V],1403,1716
know[V],1178,1489
think[V],1053,1271
listen[V],959,1106
seem[V],843,1029
find[V],804,907
perform[V],744,845
call[V],692,779
write[V],685,842
begin[V],681,824
remember[V],646,721
conduct[V],642,783
tell[V],628,739
feel[V],596,730
bring[V],553,613
leave[V],553,604
follow[V],532,596
look[V],517,581
become[V],481,522
stand[V],445,505
attend[V],437,468
meet[V],435,461
want[V],433,504
like[V],433,502
appear[V],410,455
accompany[V],378,403
work[V],377,434
produce[V],376,415
keep[V],362,396
turn[V],357,394
receive[V],356,377
compose[V],333,364
start[V],332,387
speak[V],322,356
forget[V],318,333
sound[V],317,368
show[V],312,336
enjoy[V],311,330
hold[V],296,319
love[V],288,320
walk[V],288,316
lead[V],287,307
move[V],280,306
please[V],278,296
name[V],274,6581
pass[V],267,286
live[V],266,285
believe[V],261,270
arrive[V],261,280
head[V],260,2064
introduce[V],255,274
happen[V],254,275
include[V],251,262
finish[V],246,270
stop[V],244,267
open[V],241,263
send[V],234,262
carry[V],232,243
note[V],230,231
fall[V],230,254
understand[V],230,262
join[V],222,242
learn[V],219,261
invite[V],218,227
read[V],217,260
mean[V],211,222
lose[V],211,228
fill[V],205,228
spend[V],203,209
draw[V],200,217
strike[V],198,210
wait[V],196,217
visit[V],195,211
bear[V],183,217
reach[V],183,201
expect[V],182,193
text[V],181,1981
Variable[N],180,180
wish[V],177,192
express[V],176,185
allow[V],175,182
remain[V],174,181
rise[V],174,181
talk[V],173,189
stay[V],173,185
consist[V],173,183
continue[V],171,182
imagine[V],169,179
consider[V],166,172
hope[V],165,171
suppose[V],160,168
enter[V],159,168
rehearse[V],159,171
break[V],156,164
repeat[V],154,168
help[V],152,157
mention[V],149,152
arrange[V],147,153
form[V],142,147
watch[V],140,160
place[V],140,143
need[V],139,150
engage[V],136,150
present[V],134,141
study[V],132,142
fail[V],131,138
recall[V],131,139
describe[V],131,133
catch[V],130,136
grow[V],130,151
possess[V],128,134
decide[V],127,136
change[V],126,134
dress[V],126,137
throw[V],125,131
prove[V],124,128
offer[V],123,126
miss[V],122,124
applaud[V],121,126
admire[V],119,123
drive[V],118,126
dance[V],117,146
teach[V],116,125
Vienna[N],116,136
contain[V],114,115
raise[V],114,122
blow[V],114,149
manage[V],113,117
agree[V],112,113
choose[V],111,128
dine[V],109,116
create[V],108,112
render[V],108,113
execute[V],107,116
notice[V],107,111
wonder[V],106,111
cause[V],105,107
succeed[V],105,108
commence[V],104,114
thank[V],101,108
proceed[V],101,108
touch[V],100,105
announce[V],99,101
hang[V],99,108
record[V],98,108
prepare[V],98,100
oblige[V],97,102
close[V],96,99
crowd[V],95,97
wear[V],93,106
pick[V],92,95
save[V],92,104
practise[V],91,99
observe[V],91,98
reply[V],89,99
beat[V],88,93
remind[V],86,87
compare[V],86,90
belong[V],85,90
march[V],85,94
obtain[V],85,88
discover[V],84,85
accept[V],84,88
seat[V],83,92
suggest[V],83,85
travel[V],81,89
occur[V],81,86
affect[V],81,88
require[V],81,85
explain[V],80,83
declare[V],80,84
assemble[V],79,82
attempt[V],78,80
conclude[V],78,83
appreciate[V],78,78
bury[V],78,98
celebrate[V],78,81
direct[V],77,82
build[V],76,80
entertain[V],75,76
support[V],75,79
treat[V],75,78
satisfy[V],75,76
intend[V],74,75
represent[V],74,78
occupy[V],74,78
Verdi[N],74,98
admit[V],74,75
shout[V],74,81
trumpet[V],74,87
realize[V],73,77
greet[V],73,79
inspire[V],73,76
suit[V],73,77
ring[V],73,87
Violin[N],73,81
laugh[V],73,79
drink[V],72,79
cover[V],72,74
insist[V],71,73
impress[V],71,71
cheer[V],70,80
jump[V],70,74
answer[V],70,71
shake[V],70,74
retire[V],69,73
last[V],69,70
afford[V],69,70
display[V],69,70
drum[V],68,90
approach[V],68,72
serve[V],68,70
realise[V],68,72
smile[V],68,72
cease[V],67,73
surpass[V],67,68
assist[V],66,66
provide[V],66,68
suffer[V],66,72
accord[V],66,67
face[V],66,69
improvise[V],66,72
experience[V],66,69
confess[V],65,65
achieve[V],65,68
rush[V],65,70
acquaint[V],65,68
publish[V],64,67
preach[V],64,71
drop[V],64,66
gather[V],63,65
settle[V],62,66
regard[V],62,67
delight[V],60,61
witness[V],60,63
excite[V],60,67
pour[V],59,61
select[V],59,63
charm[V],59,59
lack[V],59,59
attract[V],58,60
precede[V],58,60
develop[V],58,61
thrill[V],58,58
amuse[V],58,60
rest[V],58,58
determine[V],58,59
entitle[V],58,58
imitate[V],57,60
improve[V],57,58
request[V],56,60
lift[V],56,58
refuse[V],56,60
enable[V],56,56
propose[V],56,57
assure[V],56,56
increase[V],55,56
deserve[V],55,55
desire[V],55,59
light[V],55,57
surprise[V],55,59
promise[V],55,56
judge[V],54,54
refer[V],54,56
amaze[V],53,54
reveal[V],53,55
care[V],53,54
sell[V],52,58
persuade[V],52,53
prefer[V],52,53
employ[V],52,56
surround[V],52,55
marry[V],52,54
pack[V],52,55
chant[V],52,79
gain[V],51,51
gratify[V],51,51
praise[V],51,52
dare[V],51,54
concern[V],51,51
mark[V],51,52
point[V],50,52
stick[V],50,51
collect[V],50,54
flow[V],49,51
prevail[V],49,50
shade[V],48,1429
remove[V],48,50
/span[V],48,77
permit[V],48,49
order[V],48,54
count[V],48,49
exhibit[V],48,51
share[V],48,48
practice[V],48,54
tune[V],48,50
prevent[V],47,48
accustom[V],47,49
copy[V],47,49
deliver[V],47,48
distinguish[V],46,46
spoil[V],46,48
exclaim[V],46,47
lean[V],46,50
pull[V],46,48
Vaughan[N],45,51
hand[V],45,51
cross[V],45,48
perceive[V],45,45
remark[V],45,46
step[V],45,46
fear[V],45,45
inform[V],45,46
mount[V],45,47
acknowledge[V],44,46
lend[V],44,45
wander[V],44,47
retain[V],44,44
acquire[V],44,45
adapt[V],43,43
clap[V],43,46
respond[V],43,45
recognize[V],43,45
encore[V],43,45
accomplish[V],43,45
press[V],42,43
astonish[V],42,42
combine[V],42,42
swing[V],42,49
seek[V],42,42
venture[V],42,42
enchant[V],42,43
address[V],42,44
Victoria[N],42,44
arise[V],42,42
convey[V],42,44
interpret[V],42,43
round[V],41,42
recognise[V],41,43
print[V],41,43
indicate[V],40,41
pray[V],40,46
sleep[V],40,46
cast[V],40,41
await[V],40,40
whistle[V],40,50
emerge[V],39,39
unite[V],39,40
welcome[V],39,39
feature[V],39,40
shine[V],39,39
push[V],39,40
knock[V],39,40
wave[V],39,41
sway[V],38,41
devote[V],38,39
vary[V],38,39
avoid[V],38,38
complain[V],38,40
sustain[V],38,38
revive[V],38,40
establish[V],38,41
burn[V],38,38
overcome[V],38,38
maintain[V],38,38
quit[V],38,39
encourage[V],38,38
ride[V],38,44
echo[V],37,37
exceed[V],37,38
depart[V],37,37
fight[V],37,39
contribute[V],37,38
recollect[V],37,38
steal[V],37,42
Venice[N],37,39
tear[V],37,37
earn[V],37,38
descend[V],37,37
pronounce[V],37,39
stir[V],36,36
discuss[V],36,38
undertake[V],36,36
borrow[V],36,37
guess[V],36,37
exist[V],36,37
involve[V],36,36
embrace[V],36,37
float[V],36,37
fascinate[V],36,39
tremble[V],35,35
relax[V],35,35
demand[V],35,36
endure[V],35,35
conceive[V],35,35
force[V],35,35
awaken[V],35,35
induce[V],35,35
disappoint[V],35,36
scream[V],35,37
quote[V],34,34
paint[V],34,35
dedicate[V],34,34
equal[V],34,35
yell[V],34,38
interrupt[V],34,35
bind[V],34,36
gaze[V],34,34
drown[V],34,34
burst[V],34,36
doubt[V],33,33
omit[V],33,33
mind[V],33,33
absorb[V],33,33
countenance[V],33,34
convince[V],33,36
roll[V],33,34
translate[V],33,34
reflect[V],32,32
confirm[V],32,32
design[V],32,32
complete[V],32,34
connect[V],32,32
esteem[V],32,32
apply[V],32,32
breathe[V],32,35
escape[V],32,32
appoint[V],31,32
hide[V],31,32
demonstrate[V],31,31
excel[V],31,31
train[V],31,32
struggle[V],31,32
indulge[V],31,32
hurry[V],31,32
shut[V],30,32
hiss[V],30,34
whisper[V],30,30
score[V],30,31
approve[V],30,32
pause[V],30,30
disappear[V],30,31
adopt[V],30,31
tire[V],30,31
drag[V],30,31
preside[V],30,30
depend[V],30,30
command[V],29,29
honour[V],29,30
base[V],29,32
impose[V],29,29
chat[V],29,29
contrast[V],29,33
relate[V],29,30
attach[V],29,29
advance[V],29,29
state[V],28,29
resemble[V],28,28
pretend[V],28,29
rejoice[V],28,29
disturb[V],28,29
divide[V],28,29
book[V],28,30
sink[V],28,30
bestow[V],28,28
broadcast[V],27,27
conceal[V],27,27
match[V],27,28
flourish[V],27,27
slip[V],27,27
spare[V],27,29
stare[V],27,27
recover[V],27,27
overwhelm[V],27,27
preserve[V],27,27
alter[V],27,27
exhaust[V],27,28
procure[V],26,29
unto[V],26,31
assume[V],26,27
result[V],26,28
handle[V],26,26
restore[V],26,28
plan[V],26,26
constitute[V],26,28
stage[V],26,28
found[V],26,26
attain[V],26,26
associate[V],26,26
secure[V],26,26
marvel[V],26,28
replace[V],26,26
control[V],25,26
respect[V],25,27
withdraw[V],25,26
sweep[V],25,25
organise[V],25,25
rouse[V],25,25
hire[V],25,28
calculate[V],25,25
seize[V],25,30
utter[V],25,25
kill[V],25,29
penetrate[V],25,25
worry[V],25,26
diminish[V],25,25
recite[V],25,25
wind[V],24,24
appeal[V],24,25
captivate[V],24,24
stamp[V],24,24
confine[V],24,26
rock[V],24,24
resist[V],24,24
supply[V],24,25
cost[V],24,25
regret[V],24,24
extend[V],24,25
wail[V],24,24
bless[V],23,24
abandon[V],23,23
ruin[V],23,23
dash[V],23,23
derive[V],23,23
spread[V],23,23
grasp[V],23,23
erect[V],23,25
compel[V],23,23
overflow[V],23,23
claim[V],23,24
exercise[V],23,23
dream[V],23,25
fire[V],23,23
influence[V],23,23
concentrate[V],22,24
color[V],22,25
shew[V],22,26
evoke[V],22,23
roar[V],22,22
hate[V],22,22
hail[V],22,22
kick[V],22,28
Voice[N],22,23
rattle[V],22,22
cultivate[V],22,22
fade[V],22,22
vanish[V],22,22
resume[V],22,24
arouse[V],22,22
transform[V],22,22
convert[V],22,22
repair[V],21,21
sign[V],21,25
stall[V],21,22
inquire[V],21,21
mingle[V],21,22
enhance[V],21,21
strive[V],21,24
comprise[V],21,21
furnish[V],21,22
consent[V],21,22
decline[V],21,21
grant[V],21,22
release[V],21,21
annoy[V],21,21
favour[V],21,21
revel[V],20,20
reckon[V],20,20
resolve[V],20,22
anticipate[V],20,20
brave[V],20,20
summon[V],20,21
illustrate[V],20,20
examine[V],20,20
separate[V],20,20
report[V],20,21
allude[V],20,21
reside[V],20,20
waste[V],20,20
correct[V],20,21
instruct[V],20,20
creep[V],20,21
kneel[V],20,22
yield[V],20,22
renew[V],20,20
reduce[V],20,22
intone[V],20,21
weep[V],20,20
hesitate[V],20,20
didn[V],20,23
wake[V],20,20
beam[V],19,19
stroll[V],19,19
adore[V],19,20
endeavour[V],19,19
flash[V],19,19
suspect[V],19,19
invent[V],19,19
herald[V],19,21
upset[V],19,19
glide[V],19,19
station[V],19,19
number[V],19,19
shed[V],19,19
allot[V],19,19
commission[V],19,19
clear[V],19,19
feed[V],19,20
hurt[V],19,19
view[V],19,20
suspend[V],18,18
survive[V],18,19
dismiss[V],18,18
commit[V],18,19
advise[V],18,19
confer[V],18,21
launch[V],18,18
ascend[V],18,18
organize[V],18,19
stretch[V],18,18
ignore[V],18,18
deal[V],18,18
incline[V],18,18
serenade[V],18,19
compliment[V],18,18
comment[V],18,18
condemn[V],18,18
proclaim[V],18,18
Virgil[N],18,25
matter[V],18,19
behold[V],17,17
climb[V],17,18
decorate[V],17,19
project[V],17,18
fetch[V],17,17
scrape[V],17,17
encounter[V],17,17
transpose[V],17,21
identify[V],17,17
neglect[V],17,18
transcribe[V],17,17
differ[V],17,17
crown[V],17,17
Victor[N],17,18
melt[V],17,17
tone[V],17,17
expose[V],17,18
behave[V],17,17
fulfil[V],17,17
Vicarage[N],17,17
urge[V],17,18
linger[V],17,18
bang[V],17,18
reconcile[V],17,17
figure[V],17,18
cherish[V],16,18
enquire[V],16,17
transport[V],16,16
forgive[V],16,16
soar[V],16,17
line[V],16,17
back[V],16,17
moan[V],16,16
warm[V],16,16
destroy[V],16,16
spring[V],16,17
lower[V],16,16
electrify[V],16,18
relieve[V],16,16
swell[V],16,16
startle[V],16,17
reproduce[V],16,18
divert[V],16,17
switch[V],16,17
check[V],16,16
recommend[V],16,16
rank[V],16,16
subdue[V],16,16
capture[V],16,16
threaten[V],16,16
chime[V],16,16
Vladimir[N],16,18
orchestrate[V],16,16
alternate[V],15,15
cram[V],15,15
tour[V],15,15
sneak[V],15,15
criticise[V],15,15
elicit[V],15,15
bother[V],15,15
promote[V],15,15
colour[V],15,16
faint[V],15,16
reward[V],15,16
distract[V],15,15
bore[V],15,15
usher[V],15,15
offend[V],15,15
wound[V],15,15
destine[V],15,15
pervade[V],15,15
lodge[V],15,15
throng[V],15,15
compete[V],15,16
delay[V],15,15
leap[V],15,15
reign[V],15,16
strengthen[V],15,15
congratulate[V],15,15
Village[N],15,18
exert[V],15,16
detect[V],14,15
comply[V],14,14
scatter[V],14,14
frighten[V],14,16
term[V],14,14
entrust[V],14,14
whip[V],14,15
consult[V],14,14
toss[V],14,16
range[V],14,14
blame[V],14,14
search[V],14,14
snap[V],14,14
overlook[V],14,14
abound[V],14,14
heighten[V],14,14
educate[V],14,14
crack[V],14,14
purchase[V],14,14
master[V],14,14
attack[V],14,14
squeeze[V],14,14
shock[V],14,14
Viardot[N],14,19
buzz[V],14,14
swear[V],14,14
substitute[V],14,14
excuse[V],14,14
participate[V],14,15
kiss[V],13,13
profess[V],13,13
awake[V],13,13
interfere[V],13,13
value[V],13,13
apologise[V],13,13
grab[V],13,14
amount[V],13,13
sense[V],13,13
deny[V],13,13
reappear[V],13,13
construct[V],13,14
merit[V],13,13
challenge[V],13,14
shift[V],13,13
refrain[V],13,13
react[V],13,13
restrain[V],13,13
communicate[V],13,13
tend[V],13,13
shoot[V],13,13
lament[V],13,13
fold[V],13,14
thunder[V],13,13
guide[V],13,14
manifest[V],13,13
Valentine[N],13,16
depict[V],13,13
oppose[V],13,13
reserve[V],13,13
presume[V],13,13
land[V],13,13
bowl[V],12,13
pierce[V],12,12
submit[V],12,12
measure[V],12,13
shape[V],12,12
refine[V],12,12
warn[V],12,13
flip[V],12,12
conquer[V],12,12
strum[V],12,12
quiver[V],12,12
rent[V],12,12
reverse[V],12,13
hellip[V],12,14
dispose[V],12,13
mutter[V],12,12
contend[V],12,12
fling[V],12,12
wrap[V],12,12
freeze[V],12,14
issue[V],12,13
pursue[V],12,12
blaze[V],12,12
converse[V],12,12
charge[V],12,12
assert[V],12,12
wash[V],12,12
undergo[V],12,12
sail[V],12,12
plead[V],12,12
finger[V],12,12
despise[V],12,12
weave[V],12,13
agitate[V],12,12
except[V],12,12
protest[V],12,12
slide[V],12,12
stimulate[V],12,12
advertise[V],12,13
terminate[V],12,12
murder[V],12,12
surge[V],12,13
compensate[V],12,12
haunt[V],12,12
reopen[V],12,13
refresh[V],12,12
plunge[V],12,12
lecture[V],12,13
enthral[V],12,12
ensue[V],11,12
glitter[V],11,11
trust[V],11,11
postpone[V],11,11
illuminate[V],11,11
forbid[V],11,11
dislike[V],11,12
confide[V],11,11
gasp[V],11,11
injure[V],11,11
Vera[N],11,11
scratch[V],11,11
test[V],11,11
blend[V],11,12
intersperse[V],11,11
swallow[V],11,12
flatter[V],11,11
enliven[V],11,11
skip[V],11,13
post[V],11,11
generate[V],11,11
clothe[V],11,11
stuff[V],11,11
pound[V],11,11
Variations[N],11,11
shatter[V],11,11
muffle[V],11,11
progress[V],11,11
deem[V],11,11
insert[V],11,11
smoke[V],11,12
elect[V],11,11
worship[V],11,11
rave[V],11,11
commend[V],11,11
focus[V],11,11
staid[V],11,11
glance[V],11,11
invest[V],11,11
double[V],11,13
confuse[V],11,11
tempt[V],11,12
fool[V],11,11
rewrite[V],11,11
question[V],11,11
impart[V],11,12
race[V],11,11
halt[V],10,10
sport[V],10,10
quarrel[V],10,11
envy[V],10,10
rage[V],10,10
subscribe[V],10,10
enclose[V],10,10
howl[V],10,10
long[V],10,10
overpower[V],10,11
schedule[V],10,11
soften[V],10,10
arrest[V],10,10
part[V],10,10
cope[V],10,10
expire[V],10,10
pose[V],10,10
stomp[V],10,10
flee[V],10,10
comprehend[V],10,10
star[V],10,10
unfold[V],10,10
limit[V],10,10
swim[V],10,11
honor[V],10,10
defeat[V],10,10
fiddle[V],10,11
transfer[V],10,10
mend[V],10,11
sacrifice[V],10,10
provoke[V],10,10
redeem[V],10,10
betray[V],10,10
groan[V],10,11
tread[V],10,10
murmur[V],10,10
situate[V],10,10
flutter[V],10,10
culture[V],10,10
obey[V],10,10
transmit[V],10,11
drift[V],10,10
evince[V],10,10
elapse[V],10,11
deck[V],10,11
vent[V],10,10
Viola[N],10,10
torture[V],10,11
boast[V],10,10
solve[V],9,9
mimic[V],9,10
caress[V],9,9
register[V],9,9
prompt[V],9,10
characterise[V],9,9
lock[V],9,9
couldn[V],9,10
scramble[V],9,9
dwell[V],9,9
reiterate[V],9,9
relish[V],9,9
embellish[V],9,9
rivet[V],9,10
rain[V],9,9
strain[V],9,9
inflict[V],9,9
picture[V],9,9
suppress[V],9,9
resound[V],9,9
drape[V],9,9
enrich[V],9,9
rely[V],9,10
file[V],9,10
border[V],9,9
conjure[V],9,9
shudder[V],9,9
snatch[V],9,9
adjourn[V],9,9
exchange[V],9,9
justify[V],9,9
isolate[V],9,9
Villa[N],9,9
award[V],9,10
baffle[V],9,9
emphasize[V],9,9
reinforce[V],9,9
detain[V],9,9
enrapture[V],9,9
labour[V],9,9
warble[V],9,9
punctuate[V],9,9
attribute[V],9,9
superintend[V],9,9
extemporize[V],9,9
accuse[V],9,10
regale[V],9,9
articulate[V],9,9
modulate[V],9,9
signify[V],9,9
bawl[V],9,9
emit[V],9,9
fancy[V],9,9
stagger[V],9,9
highlight[V],9,9
salute[V],9,9
harmonise[V],9,9
account[V],9,9
queue[V],9,9
puzzle[V],9,9
spark[V],9,10
polish[V],9,9
Villiers[N],9,9
parade[V],9,9
exemplify[V],9,9
premiere[V],8,8
occasion[V],8,8
Virginia[N],8,9
savour[V],8,8
portray[V],8,8
pitch[V],8,8
guard[V],8,8
object[V],8,8
pile[V],8,8
vibrate[V],8,8
rejoin[V],8,8
torment[V],8,8
harmonize[V],8,8
disguise[V],8,8
vouchsafe[V],8,8
even[V],8,8
string[V],8,8
plague[V],8,8
toil[V],8,8
imbue[V],8,8
define[V],8,8
mourn[V],8,8
deprive[V],8,8
stumble[V],8,8
dispute[V],8,8
balance[V],8,8
near[V],8,8
Valse[N],8,8
manufacture[V],8,8
append[V],8,8
stun[V],8,8
persist[V],8,8
protect[V],8,9
group[V],8,9
intervene[V],8,8
risk[V],8,8
explore[V],8,9
toll[V],8,8
Vishnevskaya[N],8,8
dissatisfy[V],8,8
gleam[V],8,8
distort[V],8,8
hasten[V],8,8
signal[V],8,9
terrify[V],8,8
split[V],8,9
culminate[V],8,8
defend[V],8,8
sparkle[V],8,8
autograph[V],8,8
mistake[V],8,9
bounce[V],8,9
store[V],8,8
meander[V],8,8
rule[V],8,8
shorten[V],8,8
bewilder[V],8,8
acquit[V],8,8
augment[V],8,8
spur[V],8,8
Vivaldi[N],8,11
smell[V],8,10
spin[V],8,8
dictate[V],8,9
desert[V],8,8
kindle[V],8,8
entreat[V],8,8
declaim[V],8,8
thump[V],8,8
suffice[V],8,8
distribute[V],8,8
shiver[V],8,9
cancel[V],8,8
drill[V],8,8
trip[V],8,8
hush[V],7,7
interest[V],7,7
disconcert[V],7,7
analyse[V],7,7
stoop[V],7,7
devise[V],7,7
stride[V],7,7
memorize[V],7,7
predominate[V],7,7
contemplate[V],7,7
emphasise[V],7,7
commemorate[V],7,7
slow[V],7,7
suck[V],7,7
incorporate[V],7,7
grind[V],7,7
pluck[V],7,7
scare[V],7,9
testify[V],7,7
dispatch[V],7,8
perch[V],7,7
condescend[V],7,7
storm[V],7,7
strut[V],7,7
dominate[V],7,7
estimate[V],7,7
rival[V],7,7
doubtless[V],7,7
smother[V],7,7
tackle[V],7,8
time[V],7,7
shrug[V],7,7
abide[V],7,7
falter[V],7,7
correspond[V],7,7
effect[V],7,7
Violoncello[N],7,7
contract[V],7,7
board[V],7,7
partake[V],7,7
Viotti[N],7,8
squeak[V],7,8
date[V],7,7
chatter[V],7,7
elevate[V],7,7
dwarf[V],7,7
obliterate[V],7,7
flicker[V],7,7
patronise[V],7,7
exploit[V],7,7
hadn[V],7,7
prolong[V],7,7
flock[V],7,7
entrance[V],7,7
install[V],7,8
confront[V],7,7
collapse[V],7,7
single[V],7,7
chaunt[V],7,7
operate[V],7,7
boil[V],7,8
load[V],7,7
inscribe[V],7,7
qualify[V],7,7
expand[V],7,7
explode[V],7,7
enlighten[V],7,7
sate[V],7,7
assent[V],7,7
weigh[V],7,7
skirt[V],7,7
fumble[V],7,7
complicate[V],7,7
grace[V],7,7
bend[V],7,7
ally[V],7,7
wield[V],7,7
wring[V],7,7
bump[V],7,7
Vieuxtemps[N],7,8
modify[V],7,7
link[V],7,7
blur[V],7,7
weary[V],7,7
contrive[V],6,6
twist[V],6,6
misunderstand[V],6,6
overhear[V],6,6
vote[V],6,6
console[V],6,6
peer[V],6,7
crouch[V],6,6
stream[V],6,6
afflict[V],6,6
adhere[V],6,6
damage[V],6,6
hint[V],6,6
coincide[V],6,6
relive[V],6,6
discern[V],6,6
alarm[V],6,6
despatch[V],6,6
tape[V],6,6
breed[V],6,6
animate[V],6,6
invade[V],6,6
BEETHOVEN[N],6,11
succumb[V],6,6
tuck[V],6,6
detach[V],6,6
grumble[V],6,6
cook[V],6,7
spot[V],6,6
revise[V],6,6
traverse[V],6,6
dissolve[V],6,6
frame[V],6,6
repose[V],6,6
jingle[V],6,6
dock[V],6,6
immerse[V],6,6
chance[V],6,6
cling[V],6,6
quicken[V],6,6
breakfast[V],6,6
phrase[V],6,6
trombone[V],6,6
interpolate[V],6,6
intrigue[V],6,6
merge[V],6,6
imply[V],6,6
exclude[V],6,6
deepen[V],6,6
trot[V],6,6
exaggerate[V],6,6
intensify[V],6,6
darken[V],6,6
trace[V],6,6
shrink[V],6,7
eclipse[V],6,6
officiate[V],6,6
discontinue[V],6,6
spell[V],6,6
clasp[V],6,6
heave[V],6,6
grate[V],6,7
dive[V],6,6
bite[V],6,6
huddle[V],6,6
chew[V],6,6
solicit[V],6,7
shriek[V],6,7
saunter[V],6,6
coax[V],6,6
gallop[V],6,6
caricature[V],6,6
criticize[V],6,6
Ville[N],6,6
evolve[V],6,6
accentuate[V],6,6
frequent[V],6,6
reverberate[V],6,6
stray[V],6,6
flood[V],6,6
drawl[V],6,6
trill[V],6,6
favor[V],6,6
elaborate[V],6,6
choreograph[V],6,6
ravish[V],6,6
graduate[V],6,8
daresay[V],6,6
slap[V],6,6
accommodate[V],6,7
outdo[V],6,6
mass[V],6,6
enlist[V],6,6
starve[V],6,6
impel[V],6,6
ponder[V],6,6
recur[V],6,6
blare[V],6,6
Verona[N],6,8
indispose[V],6,6
retreat[V],6,6
grieve[V],6,6
resort[V],6,6
pump[V],6,7
wasn[V],6,6
cough[V],6,6
fare[V],6,6
Vincent[N],6,8
supplement[V],6,6
reject[V],6,6
fife[V],6,6
disregard[V],6,6
envelop[V],6,6
ornament[V],6,7
lighten[V],6,6
extol[V],6,6
ground[V],6,6
consume[V],6,6
brush[V],6,6
surmount[V],6,6
host[V],6,6
avail[V],6,6
equip[V],6,6
characterize[V],6,6
cure[V],6,6
sigh[V],6,6
negotiate[V],6,6
bellow[V],6,6
tumble[V],6,6
veil[V],6,6
drip[V],6,7
rescue[V],6,6
mortify[V],6,6
decease[V],5,5
glean[V],5,5
Venite[N],5,5
Vauxhall[N],5,7
Valleria[N],5,6
reconstruct[V],5,5
rsquo[V],5,6
clamour[V],5,5
clip[V],5,5
sprinkle[V],5,5
aspire[V],5,5
extemporise[V],5,5
degrade[V],5,5
fatigue[V],5,5
repute[V],5,5
hoot[V],5,7
chase[V],5,6
dispense[V],5,5
strip[V],5,5
stifle[V],5,5
resign[V],5,5
re-open[V],5,5
bill[V],5,5
seduce[V],5,5
triumph[V],5,5
emanate[V],5,5
silence[V],5,5
efface[V],5,5
Vernon[N],5,5
poke[V],5,5
deceive[V],5,5
reproach[V],5,5
adorn[V],5,5
blurt[V],5,5
incite[V],5,5
prohibit[V],5,5
span[V],5,5
underlie[V],5,5
teem[V],5,5
dole[V],5,5
discard[V],5,5
muster[V],5,5
devour[V],5,5
argue[V],5,5
doth[V],5,7
depress[V],5,5
waddle[V],5,5
prop[V],5,5
oppress[V],5,5
gesticulate[V],5,5
house[V],5,5
inaugurate[V],5,5
erase[V],5,6
clean[V],5,5
Volodya[N],5,8
audition[V],5,5
recommence[V],5,5
wane[V],5,5
originate[V],5,6
Viney[N],5,7
talkin[V],5,5
disband[V],5,5
collaborate[V],5,5
smack[V],5,7
degenerate[V],5,5
reap[V],5,5
frolic[V],5,5
Vaudeville[N],5,5
grapple[V],5,5
elate[V],5,5
bound[V],5,5
crawl[V],5,6
televise[V],5,5
waft[V],5,5
steep[V],5,5
soothe[V],5,5
crash[V],5,5
carve[V],5,5
lurk[V],5,5
wither[V],5,5
infuriate[V],5,5
Vespers[N],5,5
photograph[V],5,6
rasp[V],5,5
cater[V],5,5
hobble[V],5,5
imbibe[V],5,5
smash[V],5,5
fake[V],5,6
alight[V],5,5
amplify[V],5,6
Vestris[N],5,5
compress[V],5,5
hook[V],5,5
dissent[V],5,5
roam[V],5,5
stem[V],5,5
disperse[V],5,6
Vaughn[N],5,6
govern[V],5,5
tick[V],5,5
telephone[V],5,5
imprison[V],5,5
preclude[V],5,5
extract[V],5,5
uncover[V],5,5
paralyse[V],5,5
crank[V],5,5
filter[V],5,5
credit[V],5,5
flush[V],5,5
affirm[V],5,5
curl[V],5,5
mature[V],5,5
screw[V],5,5
inhabit[V],5,5
lapse[V],5,5
discourse[V],5,5
wipe[V],5,6
screech[V],5,6
VIII[N],5,5
whine[V],5,5
flop[V],5,5
hoist[V],5,5
ache[V],5,5
imprint[V],5,5
trample[V],5,5
rescore[V],5,6
widen[V],5,5
ascertain[V],5,5
smite[V],5,5
disparage[V],5,5
swarm[V],5,6
ease[V],5,5
withhold[V],5,5
reassure[V],5,5
assign[V],5,5
dawn[V],5,5
sponsor[V],5,5
revolve[V],5,5
constrain[V],5,5
centre[V],5,6
hammer[V],5,5
whisk[V],5,5
tolerate[V],5,5
growl[V],5,5
pale[V],5,5
perspire[V],5,5
school[V],5,5
discourage[V],5,5
brighten[V],5,5
engrave[V],5,5
block[V],5,5
interweave[V],5,5
perfect[V],5,5
pave[V],5,7
model[V],5,5
clutch[V],5,5
disconnect[V],5,5
tiptoe[V],5,5
Velluti[N],5,5
patronize[V],5,5
bubble[V],5,5
expound[V],5,5
juxtapose[V],4,4
dump[V],4,4
lessen[V],4,5
blossom[V],4,4
temper[V],4,4
bespeak[V],4,4
pity[V],4,4
resent[V],4,4
peal[V],4,4
lunch[V],4,4
poise[V],4,4
overjoy[V],4,4
censure[V],4,4
loom[V],4,4
appropriate[V],4,4
elucidate[V],4,4
underline[V],4,4
trim[V],4,4
prejudice[V],4,4
implore[V],4,4
decree[V],4,4
erupt[V],4,4
Vogel[N],4,5
tout[V],4,4
dissipate[V],4,4
grip[V],4,5
inherit[V],4,4
glisten[V],4,4
accumulate[V],4,4
toddle[V],4,4
survey[V],4,4
administer[V],4,4
envisage[V],4,4
stopt[V],4,4
specialise[V],4,4
scorn[V],4,4
enrol[V],4,4
brazen[V],4,6
subject[V],4,4
whirl[V],4,4
labor[V],4,4
garnish[V],4,4
digest[V],4,4
holler[V],4,4
tease[V],4,4
budge[V],4,4
escort[V],4,4
singin[V],4,4
bridge[V],4,4
trickle[V],4,4
discriminate[V],4,4
chop[V],4,4
hurl[V],4,4
stalk[V],4,4
consecrate[V],4,4
hinder[V],4,5
flurry[V],4,4
mutilate[V],4,4
fuck[V],4,6
wreck[V],4,4
weaken[V],4,4
pardon[V],4,4
recount[V],4,4
chuckle[V],4,4
curtail[V],4,4
fidget[V],4,4
replay[V],4,5
preoccupy[V],4,4
personify[V],4,4
disfigure[V],4,4
festoon[V],4,4
snore[V],4,5
purr[V],4,4
Vittoria[N],4,4
recruit[V],4,4
subside[V],4,4
smooth[V],4,4
flit[V],4,4
shirk[V],4,4
withstand[V],4,4
Vain[N],4,4
crush[V],4,4
stave[V],4,4
click[V],4,4
proffer[V],4,4
blush[V],4,5
skate[V],4,8
program[V],4,4
embark[V],4,4
bequeath[V],4,4
defer[V],4,4
pipe[V],4,5
list[V],4,4
clash[V],4,4
concede[V],4,4
grunt[V],4,4
repay[V],4,4
octave[V],4,4
emulate[V],4,4
consign[V],4,4
endeavor[V],4,4
predict[V],4,4
will[V],4,4
dangle[V],4,4
wheeze[V],4,4
discredit[V],4,4
simplify[V],4,4
disgust[V],4,4
intermingle[V],4,4
titter[V],4,5
tickle[V],4,4
Vita[N],4,4
journey[V],4,4
climax[V],4,4
telegraph[V],4,4
fashion[V],4,4
rail[V],4,4
spit[V],4,4
wrestle[V],4,4
narrate[V],4,4
shuffle[V],4,4
renounce[V],4,4
relegate[V],4,4
experiment[V],4,4
endear[V],4,4
Vianesi[N],4,4
circulate[V],4,4
function[V],4,4
stipulate[V],4,4
deter[V],4,4
phone[V],4,4
droop[V],4,4
cool[V],4,4
ordain[V],4,4
familiarize[V],4,4
transfix[V],4,4
adjust[V],4,4
cheat[V],4,4
tingle[V],4,4
nail[V],4,4
undo[V],4,4
splash[V],4,4
accede[V],4,4
heal[V],4,4
trouble[V],4,4
frown[V],4,4
persevere[V],4,4
playin[V],4,4
overhang[V],4,4
overshadow[V],4,4
hover[V],4,4
gloss[V],4,4
evidence[V],4,4
engross[V],4,4
thinke[V],4,10
apprehend[V],4,4
loathe[V],4,4
reform[V],4,4
necessitate[V],4,4
verse[V],4,4
Verein[N],4,4
intimate[V],4,4
Virtuoso[N],4,4
convulse[V],4,4
mess[V],4,5
deafen[V],4,4
prize[V],4,4
doze[V],4,4
tower[V],4,4
loose[V],4,4
transact[V],4,4
foresee[V],4,4
liven[V],4,4
visualize[V],4,4
Vanhall[N],4,4
dispel[V],4,4
Virgin[N],4,4
feast[V],4,4
soak[V],4,4
entice[V],4,4
calm[V],4,4
trudge[V],4,4
peel[V],4,4
puff[V],4,6
retard[V],4,4
bath[V],4,4
import[V],4,4
probe[V],4,4
seal[V],3,3
sweeten[V],3,3
disclose[V],3,3
receiv[V],3,3
hunch[V],3,3
defy[V],3,3
quell[V],3,3
overthrow[V],3,3
perk[V],3,3
Viganoni[N],3,3
disincline[V],3,3
circa[V],3,3
mock[V],3,3
ripen[V],3,3
Vesuvius[N],3,4
beleive[V],3,3
miff[V],3,3
dilute[V],3,3
enact[V],3,3
preface[V],3,3
enrage[V],3,3
enshrine[V],3,3
voice[V],3,3
stab[V],3,3
grimace[V],3,3
outplay[V],3,3
rally[V],3,3
review[V],3,3
attenuate[V],3,3
prelude[V],3,3
motivate[V],3,3
Vocalise[N],3,4
coach[V],3,3
choke[V],3,4
heckle[V],3,3
intrude[V],3,3
jive[V],3,3
couch[V],3,3
soil[V],3,4
expend[V],3,3
disdain[V],3,3
deputize[V],3,3
flirt[V],3,3
misbehavin[V],3,3
wince[V],3,3
couple[V],3,3
anne[V],3,3
speed[V],3,3
curve[V],3,3
attire[V],3,3
blast[V],3,4
thrust[V],3,3
guarantee[V],3,3
unpack[V],3,3
sabotage[V],3,3
liken[V],3,3
iron[V],3,3
craft[V],3,3
Variety[N],3,3
structure[V],3,3
lavish[V],3,3
edit[V],3,3
gamble[V],3,5
dawdle[V],3,3
encircle[V],3,3
befall[V],3,3
joke[V],3,3
nudge[V],3,3
sally[V],3,3
deplore[V],3,3
chalk[V],3,3
repel[V],3,3
emigrate[V],3,3
redouble[V],3,3
position[V],3,3
waltz[V],3,6
SERVICE[N],3,3
revolutionize[V],3,3
assail[V],3,3
prick[V],3,3
disapprove[V],3,3
sight-read[V],3,3
perplex[V],3,3
babble[V],3,4
congregate[V],3,3
deposit[V],3,3
chapel[V],3,3
subjugate[V],3,3
unleash[V],3,3
extricate[V],3,3
brag[V],3,3
mine[V],3,3
muddle[V],3,3
Victory[N],3,3
displace[V],3,3
neighbor[V],3,3
whiz[V],3,3
prescribe[V],3,3
Vorspiel[N],3,4
writhe[V],3,4
revolt[V],3,3
wreathe[V],3,3
comme[V],3,3
desist[V],3,3
renown[V],3,3
skin[V],3,3
initiate[V],3,3
specify[V],3,3
slam[V],3,3
sketch[V],3,3
wade[V],3,3
speculate[V],3,3
battle[V],3,3
fasten[V],3,3
stain[V],3,3
litter[V],3,3
wheel[V],3,3
dazzle[V],3,3
punish[V],3,3
christen[V],3,3
observ[V],3,3
scribble[V],3,3
strew[V],3,3
ramble[V],3,3
rate[V],3,3
Vision[N],3,3
doom[V],3,3
Vice[N],3,3
transpire[V],3,3
admonish[V],3,3
people[V],3,3
shall[V],3,3
scorch[V],3,3
compound[V],3,3
repent[V],3,3
thicken[V],3,3
encroach[V],3,3
bray[V],3,3
navigate[V],3,3
overlap[V],3,3
alert[V],3,3
uphold[V],3,3
whack[V],3,3
eject[V],3,3
transcend[V],3,3
Vatican[N],3,3
flank[V],3,3
mince[V],3,3
haul[V],3,3
ACTIVE[N],3,3
court[V],3,3
rejuvenate[V],3,3
multiply[V],3,3
insult[V],3,3
Vicar[N],3,3
overdo[V],3,3
bleed[V],3,3
accost[V],3,3
unearth[V],3,3
lull[V],3,3
integrate[V],3,3
disintegrate[V],3,3
restrict[V],3,3
cripple[V],3,15
scruple[V],3,3
designate[V],3,3
maketh[V],3,3
film[V],3,3
institute[V],3,3
squat[V],3,3
waver[V],3,3
advantage[V],3,3
label[V],3,3
symbolize[V],3,3
class[V],3,3
spirit[V],3,3
heed[V],3,3
devastate[V],3,3
enforce[V],3,3
locate[V],3,3
profit[V],3,3
revisit[V],3,4
swathe[V],3,3
banish[V],3,3
waken[V],3,3
liberate[V],3,3
permeate[V],3,3
divulge[V],3,3
dampen[V],3,3
crave[V],3,3
Musik-Verein[N],3,4
disagree[V],3,3
shill[V],3,3
second[V],3,3
extinguish[V],3,3
meddle[V],3,3
co-ordinate[V],3,3
evade[V],3,3
dart[V],3,3
Vater[N],3,4
cloud[V],3,3
filch[V],3,3
jostle[V],3,3
black[V],3,3
curse[V],3,3
cite[V],3,3
smuggle[V],3,3
clamber[V],3,3
squirm[V],3,3
plug[V],3,3
sack[V],3,3
steer[V],3,3
Vigne[N],3,3
regulate[V],3,3
analyze[V],3,3
beautify[V],3,3
outrage[V],3,3
rack[V],3,3
straighten[V],3,3
tack[V],3,3
park[V],3,3
track[V],3,3
twitch[V],3,3
Valkyries[N],3,3
Vista[N],3,3
Valentin[N],3,3
miter[V],3,3
invoke[V],3,3
Valle[N],3,5
exact[V],3,3
inflate[V],3,3
lash[V],3,3
endeed[V],3,3
wend[V],3,3
boom[V],3,3
exasperate[V],3,3
forbear[V],3,3
brim[V],3,3
recline[V],3,3
ensure[V],3,3
squander[V],3,3
rumour[V],3,3
squeal[V],3,3
corrupt[V],3,3
duplicate[V],3,3
obscure[V],3,3
straggle[V],3,3
fete[V],3,3
materialize[V],3,3
billet[V],3,4
Vladimirov[N],3,3
gossip[V],3,3
blunder[V],3,3
Venetian[N],3,3
buck[V],3,3
unfurl[V],3,3
Valette[N],3,5
damn[V],3,3
re-enter[V],3,3
romp[V],3,3
chill[V],3,3
slay[V],3,3
Venetians[N],3,3
renovate[V],3,3
whereupon[V],3,3
twirl[V],3,3
bulge[V],3,4
solo[V],3,3
shell[V],3,3
engender[V],3,3
dame[V],3,3
hustle[V],3,3
Vendrell[N],3,3
rectify[V],3,3
counteract[V],3,3
Violetta[N],3,3
unload[V],3,3
Volunteer[N],3,3
slant[V],3,3
reel[V],3,3
vociferate[V],3,3
complement[V],3,3
drone[V],3,3
forge[V],3,4
lure[V],3,3
sweat[V],3,4
pencil[V],3,3
quarter[V],3,3
taste[V],3,3
jerk[V],3,3
Vickers[N],3,3
languish[V],3,3
abuse[V],3,3
disrupt[V],3,3
regain[V],3,3
deteriorate[V],3,3
prostrate[V],3,3
exalt[V],3,3
beseech[V],3,3
benefit[V],3,3
mesmerise[V],3,3
carol[V],3,3
bloom[V],3,3
process[V],3,3
mumble[V],3,3
grope[V],3,3
wallow[V],3,3
sprach[V],3,3
interject[V],3,3
wouldn[V],3,3
Vasks[N],3,5
ship[V],3,3
outweigh[V],3,3
brace[V],3,3
overtake[V],3,3
barter[V],3,3
demolish[V],3,3
empty[V],3,3
embarrass[V],3,3
lurch[V],3,3
swamp[V],3,3
rumble[V],3,3
nobi[V],2,2
Vanity[N],2,2
monitor[V],2,2
wean[V],2,2
submerge[V],2,2
Verklarung[N],2,2
re-record[V],2,2
eine[V],2,2
emboss[V],2,2
Vidiman[N],2,2
disillusion[V],2,2
sicken[V],2,2
saturate[V],2,2
dearest[V],2,2
hypnotise[V],2,2
fume[V],2,2
Vergine[N],2,2
scuffle[V],2,2
amass[V],2,2
curb[V],2,2
afear[V],2,2
hunt[V],2,2
inject[V],2,2
accelerate[V],2,2
hurrah[V],2,3
cull[V],2,2
disorient[V],2,2
infuse[V],2,2
piece[V],2,2
apparele[V],2,2
augur[V],2,2
sprawl[V],2,2
propel[V],2,2
variegate[V],2,2
cello[V],2,2
exult[V],2,2
preceed[V],2,2
scrawl[V],2,2
harden[V],2,2
whence[V],2,2
endow[V],2,2
splutter[V],2,2
chare[V],2,2
exhort[V],2,2
donate[V],2,2
gulp[V],2,2
batter[V],2,2
Voltaire[N],2,2
eliminate[V],2,2
paste[V],2,2
distrust[V],2,2
horrify[V],2,2
Verklarte[N],2,2
alleviate[V],2,2
aver[V],2,2
enumerate[V],2,2
masquerade[V],2,2
flame[V],2,2
frustrate[V],2,2
motion[V],2,2
clock[V],2,2
parry[V],2,2
wireless[V],2,2
swerve[V],2,2
readjust[V],2,2
wood[V],2,2
to-day[V],2,2
meliorate[V],2,2
magnify[V],2,2
affront[V],2,2
peep[V],2,2
piss[V],2,2
ad-libb[V],2,2
yearn[V],2,2
scurry[V],2,2
demur[V],2,2
scuttle[V],2,2
repress[V],2,2
clarify[V],2,2
clatter[V],2,2
destabilise[V],2,2
merry[V],2,2
chez[V],2,2
glare[V],2,2
insure[V],2,2
avert[V],2,2
fulfill[V],2,2
convene[V],2,2
pulsate[V],2,2
intimidate[V],2,2
limp[V],2,2
exhilerate[V],2,2
better[V],2,2
tipple[V],2,2
relinquish[V],2,2
expostulate[V],2,2
Valhalla[N],2,2
edify[V],2,2
conspire[V],2,2
stutter[V],2,2
rebroadcast[V],2,2
rebound[V],2,2
limn[V],2,3
chuse[V],2,2
edge[V],2,2
fortify[V],2,2
dishearten[V],2,2
observd[V],2,2
discipline[V],2,2
confound[V],2,2
elude[V],2,2
duck[V],2,2
downheart[V],2,2
swoon[V],2,2
intitule[V],2,2
compute[V],2,2
appease[V],2,2
crow[V],2,2
quench[V],2,2
scandalize[V],2,2
wilt[V],2,2
denigrate[V],2,2
blind[V],2,2
venerate[V],2,2
undermine[V],2,2
Gesang-Verein[N],2,2
ennoble[V],2,2
reminisce[V],2,2
GIVEN[N],2,3
slight[V],2,3
beene[V],2,2
rove[V],2,2
wobble[V],2,2
Violet[N],2,2
hawk[V],2,2
stump[V],2,2
safeguard[V],2,2
recapture[V],2,2
reprint[V],2,2
presage[V],2,2
muse[V],2,2
wedge[V],2,2
foster[V],2,2
manipulate[V],2,2
precipitate[V],2,2
vanquish[V],2,2
avenge[V],2,3
grin[V],2,2
protrude[V],2,2
irritate[V],2,2
shimmy[V],2,3
prosper[V],2,2
dilate[V],2,2
pourtray[V],2,2
glue[V],2,2
entrain[V],2,2
simmer[V],2,2
floor[V],2,2
Vogl[N],2,2
knit[V],2,2
Volk[N],2,2
syncopate[V],2,3
sooth[V],2,2
superimpose[V],2,2
implant[V],2,2
flute[V],2,2
hypnotize[V],2,2
ensconce[V],2,2
moralize[V],2,2
shee[V],2,2
Vichy[N],2,2
pianoforte[V],2,2
monoton[V],2,2
violate[V],2,2
mesmerize[V],2,2
subordinate[V],2,2
moisten[V],2,2
aggravate[V],2,2
sight[V],2,2
anchor[V],2,2
transplant[V],2,2
unbecome[V],2,2
pounce[V],2,2
stiffen[V],2,2
remedy[V],2,2
Vivat[N],2,2
dumfound[V],2,2
recreate[V],2,2
wiht[V],2,2
betake[V],2,2
daunt[V],2,2
smirk[V],2,2
finance[V],2,2
Vignas[N],2,2
practice/study[V],2,2
camouflage[V],2,2
notate[V],2,2
stroke[V],2,2
transmute[V],2,2
unify[V],2,2
troll[V],2,2
vest[V],2,2
adjudge[V],2,2
facilitate[V],2,2
cense[V],2,2
Venuti[N],2,2
Voggenhuber[N],2,2
still[V],2,2
clinch[V],2,2
assuage[V],2,2
embolden[V],2,2
conflict[V],2,2
amalgamate[V],2,2
bare[V],2,2
indite[V],2,2
Valley[N],2,2
Vocal[N],2,2
gravel[V],2,2
reorganize[V],2,2
research[V],2,2
pinch-hit[V],2,2
prom[V],2,2
revert[V],2,2
Villa-Lobos[N],2,2
Volkmann[N],2,7
downstair[V],2,2
Venus[N],2,2
branch[V],2,2
deprecate[V],2,2
title[V],2,2
unlock[V],2,2
squirt[V],2,2
flail[V],2,2
thin[V],2,2
remodel[V],2,2
pertain[V],2,2
counterfeit[V],2,2
expel[V],2,2
conduce[V],2,2
catalogue[V],2,2
intreat[V],2,2
Versicles[N],2,2
warrant[V],2,2
surmise[V],2,2
insinuate[V],2,2
burnish[V],2,2
sober[V],2,2
Voke[N],2,3
investigate[V],2,2
talent[V],2,2
squall[V],2,2
gobsmack[V],2,2
pacify[V],2,2
Valerie[N],2,2
Vasco[N],2,2
dislocate[V],2,2
sightread[V],2,2
stake[V],2,2
shower[V],2,2
accent[V],2,2
swelter[V],2,2
sanction[V],2,2
coordinate[V],2,2
masque[V],2,2
surprize[V],2,2
quaver[V],2,2
Vaiman[N],2,2
sever[V],2,2
spike[V],2,2
stammer[V],2,2
chastise[V],2,2
disport[V],2,2
Vittorio[N],2,2
topple[V],2,2
parallel[V],2,2
plant[V],2,3
intertwine[V],2,2
swirl[V],2,2
alienate[V],2,2
scowl[V],2,2
compromise[V],2,2
gape[V],2,2
bomb[V],2,2
repass[V],2,2
Inter-Varsity[N],2,2
retake[V],2,2
hark[V],2,2
Viennese[N],2,2
displease[V],2,2
scamper[V],2,2
dramatize[V],2,2
flatten[V],2,2
champion[V],2,2
sandwich[V],2,2
team[V],2,2
gurgle[V],2,2
detail[V],2,2
Violoncellist[N],2,2
rename[V],2,3
annihilate[V],2,2
uplift[V],2,2
busy[V],2,2
denude[V],2,2
beware[V],2,4
purify[V],2,2
perpetuate[V],2,2
button[V],2,2
prowl[V],2,2
side[V],2,2
prime[V],2,2
squint[V],2,2
heap[V],2,2
brood[V],2,2
outroar[V],2,2
disembark[V],2,2
truncate[V],2,2
embroider[V],2,2
scandalise[V],2,2
shelve[V],2,2
perish[V],2,2
prance[V],2,2
sort[V],2,2
sneer[V],2,2
detest[V],2,2
delete[V],2,2
cage[V],2,2
tame[V],2,2
gainsay[V],2,2
catapult[V],2,2
duett[V],2,2
blot[V],2,2
condition[V],2,2
fracture[V],2,2
loosen[V],2,2
impersonate[V],2,2
radiate[V],2,2
discharge[V],2,2
sculpt[V],2,2
excruciate[V],2,2
harm[V],2,2
throb[V],2,2
stink[V],2,2
generalise[V],2,2
sprint[V],2,2
brandish[V],2,2
Vivian[N],2,2
subtitle[V],2,2
decry[V],2,2
fret[V],2,2
re-appear[V],2,2
thrash[V],2,2
twiddle[V],2,2
rake[V],2,2
ridicule[V],2,2
tinkle[V],2,2
weather[V],2,2
bristle[V],2,2
perambulate[V],2,2
engulf[V],2,2
embody[V],2,2
covet[V],2,2
shove[V],2,2
saith[V],2,2
concoct[V],2,2
forsake[V],2,2
pace[V],2,2
toot[V],2,2
overturn[V],2,2
memorise[V],2,2
plai[V],2,2
classify[V],2,2
Veronese[N],2,2
Volkslieder[N],2,2
seethe[V],2,2
elbow[V],2,2
career[V],2,2
sizzle[V],2,2
instil[V],2,2
attest[V],2,2
Venyamin[N],2,2
acquiesce[V],2,2
plod[V],2,2
mash[V],2,3
mesmorise[V],2,2
endorse[V],2,2
suffocate[V],2,2
flick[V],2,2
bask[V],2,2
mediate[V],2,2
draft[V],2,2
deign[V],2,4
resonate[V],2,2
surrender[V],2,2
revere[V],2,2
underestimate[V],2,2
shave[V],2,2
vamp[V],2,2
pelt[V],2,2
idolize[V],2,2
Voorhies[N],2,2
screen[V],2,2
peter[V],2,2
requisition[V],2,2
delineate[V],2,2
Varley[N],2,2
showcase[V],2,2
harp[V],2,2
unhinge[V],2,2
pocket[V],2,2
comfort[V],2,2
Veltheim[N],2,2
jumble[V],2,2
offset[V],2,2
appraise[V],2,2
shun[V],2,2
outgrow[V],2,2
derange[V],2,2
clench[V],2,2
chaff[V],2,2
flag[V],2,2
rebel[V],2,2
cock[V],2,2
Vieux[N],2,2
signalize[V],2,2
Venusberg[N],2,2
raid[V],2,2
barb[V],2,3
verge[V],2,2
intercept[V],2,2
undress[V],2,2
befel[V],2,2
stage-manage[V],2,2
refurbish[V],2,2
heare[V],2,2
drain[V],2,2
water[V],2,2
lumber[V],2,2
excell[V],2,2
damp[V],2,2
deviate[V],2,2
wink[V],2,2
moderate[V],2,2
exhilarate[V],2,2
bark[V],2,2
solemnise[V],2,2
misplace[V],2,2
authorize[V],2,2
flare[V],2,2
besiege[V],2,2
stud[V],2,2
beckon[V],2,2
Vecsey[N],2,3
spill[V],2,2
snub[V],2,2
marshal[V],2,2
prepossess[V],2,2
chasten[V],2,2
reunite[V],2,2
scrub[V],2,2
subjoin[V],2,2
curate[V],2,2
propitiate[V],2,2
quiet[V],2,2
bbcproms[V],2,2
widow[V],2,2
snow[V],2,2
condense[V],2,2
Villon[N],2,2
dork[V],2,2
enthuse[V],2,2
corner[V],2,2
wird[V],2,2
bewitch[V],2,2
retrieve[V],2,2
befriend[V],2,2
co-operate[V],2,2
swipe[V],2,3
coin[V],2,2
partner[V],2,2
glow[V],2,2
taper[V],2,2
Vent[N],2,2
Veni[N],2,2
intern[V],2,2
Vesey[N],2,2
Vampire[N],2,2
pantomime[V],2,2
overload[V],2,2
notify[V],2,2
usurp[V],2,2
actuate[V],2,2
eradicate[V],2,2
perpetrate[V],2,2
contradict[V],2,2
cheapen[V],2,2
croak[V],2,2
average[V],2,2
wrong[V],2,2
style[V],2,2
maim[V],2,2
encompass[V],2,2
mope[V],2,3
duet[V],2,2
espy[V],2,2
overrate[V],2,2
divine[V],2,2
rebuild[V],2,2
denominate[V],2,2
ratify[V],2,2
apologize[V],2,2
chip[V],2,2
trick[V],2,2
chorus[V],2,2
versify[V],2,2
Veron[N],2,2
dismount[V],2,2
Vallotti[N],2,2
sonata[V],2,2
enunciate[V],2,2
Vengerov[N],2,2
abridge[V],2,2
many[V],2,2
graft[V],2,2
inoculate[V],2,2
reissue[V],2,2
lick[V],2,2
yodel[V],2,2
abate[V],2,2
parody[V],2,2
convict[V],2,2
Verrinder[N],2,2
personate[V],2,2
tarry[V],2,2
vocalize[V],2,2
construe[V],2,2
chuck[V],2,2
rebuke[V],2,2
groove[V],2,2
compass[V],2,2
militate[V],2,2
verfiy[V],1,1
recharge[V],1,1
hegin[V],1,1
squire[V],1,1
stanch[V],1,1
howard-jone[V],1,1
runneth[V],1,1
steady[V],1,1
unnerve[V],1,1
showd[V],1,1
foot[V],1,1
Vivace[N],1,1
squabble[V],1,1
coverd[V],1,1
commercialize[V],1,1
woodsh[V],1,1
bathe[V],1,1
ascribe[V],1,1
curtle[V],1,1
graze[V],1,1
muck[V],1,1
astoud[V],1,1
giggle[V],1,1
wanton[V],1,1
prentice[V],1,1
minimize[V],1,1
whit[V],1,1
Vallee[N],1,1
nicht[V],1,1
liebste[V],1,2
exile[V],1,1
decrease[V],1,1
Vladigerov[N],1,1
clinche[V],1,1
dispossesse[V],1,1
Vapour[N],1,1
Vasilyyev[N],1,1
energise[V],1,1
peddle[V],1,1
Venue[N],1,1
validate[V],1,1
revelae[V],1,1
pizzicatoe[V],1,1
authorise[V],1,2
amuze[V],1,1
encapsulate[V],1,1
wrench[V],1,1
begn[V],1,1
prophesy[V],1,1
malke[V],1,1
defile[V],1,1
fain[V],1,1
perforce[V],1,1
restudy[V],1,1
striken[V],1,1
regenerate[V],1,1
tote[V],1,2
chagrin[V],1,1
stew[V],1,1
fraternize[V],1,1
blue-pencil[V],1,1
thumb[V],1,1
cable[V],1,1
confesse[V],1,1
apprise[V],1,1
spellbind[V],1,1
ameliorate[V],1,1
prise[V],1,1
warme[V],1,1
afterw[V],1,2
satisfie[V],1,1
baulk[V],1,1
alte[V],1,1
update[V],1,1
cement[V],1,1
Valcinieri[N],1,1
funnel[V],1,1
trance[V],1,1
unroll[V],1,1
paſs[V],1,1
TOVEY[N],1,1
chorale[V],1,1
re-touch[V],1,1
Verdehr[N],1,1
scar[V],1,1
trade[V],1,1
overdose[V],1,1
recel[V],1,1
riff[V],1,1
override[V],1,1
debate[V],1,1
pare[V],1,1
extoll[V],1,1
upcome[V],1,1
tense[V],1,1
panic[V],1,1
slouch[V],1,1
Viterbo[N],1,1
flinch[V],1,1
persecute[V],1,1
shear[V],1,1
coalesce[V],1,1
satirize[V],1,1
grammer[V],1,1
emancipate[V],1,1
glut[V],1,1
ingag[V],1,1
twang[V],1,1
procrastinate[V],1,1
volti[V],1,1
streak[V],1,1
bash[V],1,1
discant[V],1,1
automate[V],1,1
flabbergast[V],1,1
re-design[V],1,1
unharmonize[V],1,1
swap[V],1,1
Vadim[N],1,1
nonsuch[V],1,1
impend[V],1,1
smear[V],1,1
zig-zag[V],1,1
Vidal[N],1,1
bode[V],1,1
Verdun[N],1,1
obliviate[V],1,1
Variazioni[N],1,1
Viol[N],1,1
breast[V],1,1
ill-execute[V],1,1
regiment[V],1,1
dabble[V],1,1
annul[V],1,1
pyramid[V],1,1
steam[V],1,1
Vien[N],1,1
nick[V],1,1
evict[V],1,1
glimmer[V],1,1
rethink[V],1,1
lortz[V],1,1
Vivats[N],1,1
Venise[N],1,1
lubricate[V],1,1
comp[V],1,1
ventilate[V],1,1
sind[V],1,1
site[V],1,1
havee[V],1,1
witheld[V],1,1
exit[V],1,1
tender[V],1,1
bicycle[V],1,1
blab[V],1,1
rerun[V],1,1
unravel[V],1,1
viola[V],1,1
/pre[V],1,1
wage[V],1,1
streatham[V],1,1
Anti-Verdians[N],1,1
short-circuit[V],1,1
makin[V],1,1
reorchestrate[V],1,1
costume[V],1,1
walz[V],1,1
Vinogradov[N],1,1
Vishnu[N],1,1
hallowe'en[V],1,1
obsess[V],1,1
prosecute[V],1,1
metamorphose[V],1,1
accomp[V],1,1
gown[V],1,1
re-assemble[V],1,1
leaf[V],1,1
shoulder[V],1,1
leaven[V],1,1
wach[V],1,1
sunset[V],1,1
fate[V],1,1
reschedule[V],1,1
Virtuosity[N],1,1
Voizikowsky[N],1,1
nestle[V],1,1
disseminate[V],1,1
petrify[V],1,1
interpose[V],1,1
Violinists[N],1,1
Vinje[N],1,1
canalise[V],1,1
Ventos[N],1,2
loan[V],1,1
procede[V],1,1
reciprocate[V],1,1
everyte[V],1,1
vacillate[V],1,1
ablaze[V],1,1
plough[V],1,1
accomodate[V],1,1
curvet[V],1,1
gloat[V],1,1
VETERAN[N],1,1
develope[V],1,1
whinny[V],1,1
bespectacle[V],1,1
Ventura[N],1,1
tonsure[V],1,1
ouvre[V],1,1
monize[V],1,1
shit[V],1,1
encrust[V],1,1
Vivandiere[N],1,1
misapply[V],1,1
muss[V],1,1
shipwreck[V],1,1
opera[V],1,1
DAVID[N],1,1
noble[V],1,1
shingle[V],1,1
Ventse[N],1,1
garland[V],1,1
reeve[V],1,1
Volata[N],1,1
trivialise[V],1,1
dwindle[V],1,1
ciate[V],1,1
crumble[V],1,1
wokr[V],1,1
followeth[V],1,1
suffuse[V],1,1
eitle[V],1,1
transmogrify[V],1,1
suggiar[V],1,1
Vidder[N],1,1
munch[V],1,1
body[V],1,1
rhyme[V],1,1
purpose[V],1,1
rilckt[V],1,1
choak[V],1,1
conform[V],1,1
reinstate[V],1,1
crystalise[V],1,1
inasmuch[V],1,1
moult[V],1,1
hound[V],1,1
spruce[V],1,1
duree[V],1,1
gesture[V],1,1
barefoot[V],1,1
grinz[V],1,1
veer[V],1,1
pervert[V],1,1
corral[V],1,1
accredit[V],1,1
famish[V],1,1
shelter[V],1,1
whereof[V],1,1
terrorize[V],1,1
travesty[V],1,1
avow[V],1,1
Vasilyevna[N],1,1
infect[V],1,1
fathom[V],1,1
well[V],1,1
tap-dance[V],1,1
egrave;s[V],1,1
dancin[V],1,1
nurture[V],1,1
beach[V],1,1
exell[V],1,1
recuperate[V],1,1
wham[V],1,1
tighten[V],1,1
plunk[V],1,1
lampoon[V],1,1
tenant[V],1,1
disarm[V],1,1
heartbroken[V],1,1
Vickery[N],1,1
enfilade[V],1,1
chronicle[V],1,1
Vice-Principal[N],1,1
compile[V],1,1
Veterans[N],1,1
mellow[V],1,1
purl[V],1,1
Valletto[N],1,1
jest[V],1,1
transfigure[V],1,1
desir[V],1,1
d'oeuvre[V],1,1
hearken[V],1,1
Vivant[N],1,1
playng[V],1,1
enthrone[V],1,1
joust[V],1,1
spred[V],1,1
staunch[V],1,1
churn[V],1,1
atone[V],1,1
abrogate[V],1,1
Vergy[N],1,2
ready[V],1,1
Veraselle[N],1,1
auntie[V],1,1
tranquillise[V],1,1
Volks[N],1,1
amend[V],1,1
depute[V],1,1
bake[V],1,1
Viscount[N],1,1
oertle[V],1,3
Venerabil[N],1,1
treble[V],1,1
nurse[V],1,1
conventionalize[V],1,1
refill[V],1,1
milord[V],1,1
homesick[V],1,1
remembr[V],1,1
NEVEDA[N],1,1
Viaggiatore[N],1,1
chaperon[V],1,1
writee[V],1,1
Verklärung[N],1,1
allege[V],1,1
inhibit[V],1,1
rough[V],1,1
happenn[V],1,1
duff[V],1,1
tzigane[V],1,1
lech[V],1,1
reprove[V],1,1
matinee[V],1,1
bandage[V],1,2
wherewith[V],1,1
stone[V],1,1
ripple[V],1,1
co-star[V],1,1
oftener[V],1,1
crystallize[V],1,1
wrinkle[V],1,1
spool[V],1,1
thinkin[V],1,1
Vermont[N],1,1
diverge[V],1,1
undismay[V],1,1
fallow[V],1,1
outlaw[V],1,1
harness[V],1,1
d'estime[V],1,1
hedge[V],1,1
tootle[V],1,1
disorder[V],1,1
piddle[V],1,1
Venua[N],1,2
reengage[V],1,1
lett[V],1,1
interview[V],1,1
undeceive[V],1,1
Vaterland[N],1,1
cushion[V],1,1
phase[V],1,1
canter[V],1,1
Verklärte[N],1,1
scene[V],1,1
pesterin[V],1,1
wond[V],1,1
cohere[V],1,1
Volchikis[N],1,1
berth[V],1,1
fawn[V],1,1
Vidalia[N],1,1
wryte[V],1,1
forward[V],1,1
forebode[V],1,1
performe[V],1,1
room[V],1,1
cluck[V],1,1
embrass[V],1,1
contact[V],1,1
collate[V],1,1
Vieja[N],1,1
Verdis[N],1,1
doff[V],1,1
wall[V],1,1
workin[V],1,1
tanti[V],1,1
barge[V],1,1
ariv[V],1,1
sound-check[V],1,1
pianola[V],1,1
gnaw[V],1,1
croon[V],1,1
spray[V],1,1
capriole[V],1,1
earnd[V],1,1
Vito[N],1,1
croud[V],1,1
foregather[V],1,1
verify[V],1,1
total[V],1,1
license[V],1,1
out-thunder[V],1,1
calcine[V],1,1
outdrew[V],1,1
muddy[V],1,1
grovel[V],1,1
reassume[V],1,1
dawb[V],1,1
Vincenzo[N],1,1
concur[V],1,1
wolkow[V],1,1
inconstant[V],1,1
bypass[V],1,1
disap[V],1,1
chart[V],1,1
inordinately-as[V],1,1
d'enfant[V],1,1
adjoun[V],1,1
caution[V],1,1
appertain[V],1,1
squale[V],1,1
beethovenize[V],1,1
confect[V],1,1
steamroller[V],1,1
tarnish[V],1,1
spout[V],1,1
mystify[V],1,1
thrive[V],1,1
VICTOR[N],1,1
Vance[N],1,1
forgo[V],1,1
Viglund[N],1,1
crunch[V],1,1
waive[V],1,1
Pianoforte-Virtuoso[N],1,1
timide[V],1,1
lance[V],1,1
archive[V],1,1
hurtle[V],1,1
heartburn[V],1,1
meld[V],1,1
alow[V],1,1
Vienese[N],1,1
accrue[V],1,1
Vice-President[N],1,1
Vincentio[N],1,1
over-persuade[V],1,1
touchez[V],1,1
rhythm[V],1,1
succour[V],1,1
/strong[V],1,2
unsettle[V],1,1
perse[V],1,1
nullify[V],1,1
cuddle[V],1,1
splay[V],1,1
frostbitten[V],1,1
coarsen[V],1,1
terrace[V],1,1
fluster[V],1,1
selve[V],1,1
stitch[V],1,1
explicate[V],1,1
scotch[V],1,1
reseat[V],1,1
Veronique[N],1,1
newe[V],1,1
hearee[V],1,1
gambol[V],1,1
npon[V],1,1
redemand[V],1,1
recal[V],1,1
retun[V],1,1
learner[V],1,1
handicap[V],1,1
connive[V],1,1
conudct[V],1,1
buffet[V],1,1
shortwave[V],1,1
Verlassen[N],1,2
concerto-play[V],1,1
Vagues[N],1,1
Violonola[N],1,1
sample[V],1,1
Violets[N],1,1
Vegas[N],1,1
re-imagine[V],1,1
preorganize[V],1,1
co-bill[V],1,1
woud[V],1,1
refract[V],1,1
least[V],1,1
Varga[N],1,1
home-make[V],1,1
wailing[V],1,1
Lay-Vicars[N],1,1
illumiuate[V],1,1
shoud[V],1,1
Veniera[N],1,1
stowey[V],1,1
outdate[V],1,1
poison[V],1,1
orch[V],1,1
qu'un[V],1,1
cocoon[V],1,1
beset[V],1,1
pusle[V],1,1
high-five[V],1,1
weed[V],1,1
tramp[V],1,1
re-encounter[V],1,1
picnic[V],1,1
Vicksburg[N],1,1
nuage[V],1,1
Volksgarten[N],1,1
substantiate[V],1,1
willl[V],1,1
reclothe[V],1,1
coquete[V],1,1
enlarge[V],1,1
incommode[V],1,1
particularise[V],1,1
Vierge[N],1,1
singe[V],1,1
pstair[V],1,1
Vanzandt[N],1,1
dish[V],1,1
appal[V],1,1
Vigna[N],1,1
privilige[V],1,1
scrutinise[V],1,1
affix[V],1,1
fixt[V],1,1
clemencybh[V],1,1
Vincente[N],1,1
disgute[V],1,1
padre[V],1,1
laud[V],1,1
balk[V],1,1
cluster[V],1,1
trek[V],1,1
oversleep[V],1,1
mail[V],1,1
market[V],1,1
enquir[V],1,1
prevaricate[V],1,1
superad[V],1,1
loll[V],1,1
majesty[V],1,1
exprest[V],1,1
forewarn[V],1,1
delve[V],1,1
humbug[V],1,1
putt[V],1,1
spangle[V],1,1
reimburse[V],1,1
Vill[N],1,1
practi[V],1,1
estrange[V],1,1
garrison[V],1,1
supervene[V],1,1
scold[V],1,1
monotony[V],1,1
troi[V],1,1
savor[V],1,1
deus[V],1,1
Victora[N],1,1
takle[V],1,1
deodorize[V],1,1
equalise[V],1,1
narrow[V],1,1
bully[V],1,1
valk[V],1,1
puld[V],1,1
Vale[N],1,1
Vassars[N],1,1
Verolli[N],1,1
sentence[V],1,1
spreadeagle[V],1,1
mime[V],1,1
leak[V],1,1
pollute[V],1,1
deplete[V],1,1
drumslade[V],1,1
evangelize[V],1,1
cadoganhall[V],1,1
Verson[N],1,1
transgress[V],1,1
bewig[V],1,1
Vence[N],1,1
wold[V],1,1
shop[V],1,1
snare[V],1,1
half-ruin[V],1,1
reek[V],1,1
broach[V],1,1
coquet[V],1,1
chirp[V],1,1
ruminate[V],1,1
outlast[V],1,1
fint[V],1,1
acceed[V],1,1
shrive[V],1,1
unaid[V],1,1
annex[V],1,1
Valentins[N],1,1
footle[V],1,1
cavort[V],1,1
ap-preciate[V],1,1
obviate[V],1,1
yeeld[V],1,2
receivd[V],1,1
exude[V],1,1
fish[V],1,1
reharse[V],1,1
level[V],1,1
groom[V],1,1
clink[V],1,1
undersize[V],1,1
rearrange[V],1,1
maneuver[V],1,1
Vestalin[N],1,1
outblow[V],1,1
impound[V],1,1
oscillate[V],1,1
Voroshilov[N],1,2
foul[V],1,1
violin-play[V],1,1
conc[V],1,1
toboggan[V],1,1
hack[V],1,1
coop[V],1,1
toast[V],1,1
overset[V],1,1
infiltrate[V],1,1
Voodoo[N],1,1
bait[V],1,1
fable[V],1,1
imploy[V],1,1
restage[V],1,1
camp[V],1,1
overtop[V],1,1
fund[V],1,1
deaden[V],1,1
playe[V],1,1
neck[V],1,1
Vietnam[N],1,1
stirrd[V],1,1
stock[V],1,1
Venor[N],1,1
Vanburgh[N],1,1
bloodlet[V],1,1
laze[V],1,1
succede[V],1,1
brand[V],1,1
tinker[V],1,1
hank[V],1,1
persuadest[V],1,1
furl[V],1,1
convart[V],1,1
dimolish[V],1,1
stil[V],1,1
wisp[V],1,1
signalise[V],1,1
endeavourd[V],1,1
leave.ha[V],1,1
purport[V],1,1
prognosticate[V],1,1
harangue[V],1,1
dote[V],1,1
accompnay[V],1,1
underscore[V],1,2
Vesta[N],1,1
qu'elle[V],1,1
browse[V],1,1
typewrite[V],1,1
expunge[V],1,1
overlay[V],1,1
gobble[V],1,1
gild[V],1,1
Voila[N],1,1
depp[V],1,1
concote[V],1,1
hamper[V],1,1
themself[V],1,1
againe[V],1,1
Vasa[N],1,2
creak[V],1,1
slur[V],1,1
Végh[N],1,1
nerve[V],1,1
surname[V],1,1
rotate[V],1,1
untwist[V],1,1
jammin[V],1,1
mould[V],1,1
canst[V],1,1
hash[V],1,1
humanize[V],1,1
wire[V],1,1
overrun[V],1,1
aroimd[V],1,1
misjudge[V],1,1
crosshatch[V],1,1
kilt[V],1,1
neighbour[V],1,1
taboo[V],1,1
decipher[V],1,1
tempest[V],1,1
Varsity[N],1,1
entrap[V],1,1
juggle[V],1,1
applaude[V],1,1
disgruntle[V],1,1
placard[V],1,1
overswamp[V],1,1
recompense[V],1,1
ceive[V],1,1
vivify[V],1,1
retell[V],1,1
Voil[N],1,1
plot[V],1,1
solfae[V],1,1
stae[V],1,1
pique[V],1,1
cradle[V],1,1
volunteer[V],1,1
dissect[V],1,1
whoosh[V],1,1
arch[V],1,1
declin[V],1,1
trombonist[V],1,1
troop[V],1,1
gieseke[V],1,1
peek[V],1,1
underplay[V],1,1
unfocus[V],1,1
staff[V],1,1
subvention[V],1,1
chafe[V],1,1
surpasse[V],1,1
plump[V],1,1
sting[V],1,1
petefurniss[V],1,1
walkin[V],1,1
greate[V],1,1
stack[V],1,1
Vendicata[N],1,1
staccato[V],1,1
Vainberg[N],1,1
conccve[V],1,1
paraphrase[V],1,1
free[V],1,1
bungle[V],1,1
entertainment[V],1,1
inspirit[V],1,1
fluff[V],1,1
doctorate[V],1,1
prefix[V],1,1
strand[V],1,1
mute[V],1,1
fray[V],1,1
overspr[V],1,1
vouch[V],1,1
withold[V],1,1
Voss[N],1,1
outmatch[V],1,1
notch[V],1,1
Volga[N],1,1
Valera[N],1,1
peform[V],1,1
rinse[V],1,1
eavesdrop[V],1,1
Vagabond[N],1,1
Valenti[N],1,1
do-ordinate[V],1,1
blunt[V],1,1
re-echo[V],1,1
equate[V],1,1
Vitellia[N],1,1
REEVES[N],1,1
impute[V],1,1
gramophone[V],1,1
Vienne[N],1,2
Villageoises[N],1,1
overstate[V],1,1
assimilate[V],1,1
Sing-Verein[N],1,1
presuppose[V],1,1
viscerate[V],1,1
turban[V],1,1
hoard[V],1,1
purge[V],1,1
macerate[V],1,1
Veronica[N],1,1
teacake[V],1,1
antecede[V],1,1
buccaneer[V],1,1
Vasiliev[N],1,1
chisel[V],1,1
pend[V],1,1
oboe[V],1,1
Viols[N],1,1
Virtue[N],1,1
misdirect[V],1,1
price[V],1,1
chirrup[V],1,1
lace[V],1,1
Vert[N],1,1
Venevil[N],1,1
vitiate[V],1,1
grouse[V],1,1
snuff[V],1,1
stept[V],1,1
Volf-Israel[N],1,1
congeal[V],1,2
rend[V],1,1
Vayne[N],1,2
hymn[V],1,1
cariacature[V],1,1
apostrophise[V],1,1
foam[V],1,1
squawk[V],1,1
slate[V],1,1
befuddle[V],1,1
cremate[V],1,1
dent[V],1,1
cwmystradlyn[V],1,1
reconnect[V],1,1
folow[V],1,1
sniff[V],1,1
zing[V],1,1
mislead[V],1,1
shakin[V],1,1
manhandle[V],1,1
rollick[V],1,1
Vince[N],1,1
pirouett[V],1,1
formulate[V],1,1
Virineya[N],1,1
singalong[V],1,1
encrease[V],1,2
stoopd[V],1,1
dind[V],1,1
pickd[V],1,1
half-way[V],1,1
blaw[V],1,1
broil[V],1,1
Voyante[N],1,1
re-ascend[V],1,1
a-go[V],1,1
scale[V],1,1
dethrone[V],1,1
resurrect[V],1,1
Villageoise[N],1,1
betoken[V],1,1
entre[V],1,1
vulgarise[V],1,1
Vogler[N],1,1
leichte[V],1,1
indoctrinate[V],1,1
clang[V],1,1
clamp[V],1,1
course[V],1,1
preen[V],1,1
subscibe[V],1,1
birch[V],1,1
excelell[V],1,1
array[V],1,1
Vendicate[N],1,1
troduce[V],1,1
flytrack[V],1,1
elme[V],1,1
gear[V],1,1
outline[V],1,1
kleine[V],1,2
holyston[V],1,1
errupt[V],1,1
sunder[V],1,1
fluctuate[V],1,1
fuse[V],1,1
hoax[V],1,1
hobo[V],1,1
Viall[N],1,1
VEGAS[N],1,1
appale[V],1,1
d'heure[V],1,1
proce[V],1,1
wunst[V],1,1
incur[V],1,1
over-psychologize[V],1,1
bullbait[V],1,1
bagan[V],1,1
re-write[V],1,1
fanaticize[V],1,1
newlight[V],1,1
Vasilyevich[N],1,1
suite[V],1,1
falsify[V],1,1
compse[V],1,1
Varden[N],1,3
specialize[V],1,1
materialise[V],1,1
Vagner[N],1,1
methink[V],1,1
Valibrique[N],1,1
alto[V],1,1
scoop[V],1,1
unter[V],1,1
violon[V],1,1
bagpipe[V],1,1
frigid[V],1,1
envision[V],1,1
diconcert[V],1,1
abou[V],1,1
beleeve[V],1,1
upholster[V],1,1
succore[V],1,1
unturn[V],1,1
Vivants[N],1,1
sublimate[V],1,1
smoulder[V],1,1
donna[V],1,1
dancd[V],1,1
disprove[V],1,1
paly[V],1,1
Vannitelli[N],1,1
unveil[V],1,2
impede[V],1,1
billow[V],1,1
rupture[V],1,1
despair[V],1,1
tailor[V],1,1
route[V],1,1
romance[V],1,1
blake[V],1,1
Verole[N],1,2
needn[V],1,1
coexist[V],1,1
Vinning[N],1,1
rein[V],1,1
absoloutley[V],1,1
allocate[V],1,1
usin[V],1,1
writ[V],1,1
intermix[V],1,1
claw[V],1,1
o'ertopp[V],1,1
ejaculate[V],1,1
Visconti[N],1,1
Vassily[N],1,1
fringe[V],1,1
word[V],1,1
Vive[N],1,1
unpick[V],1,1
clack[V],1,1
quack[V],1,1
Vsevolod[N],1,1
tabulate[V],1,1
vitalise[V],1,1
blacken[V],1,1
gallopp[V],1,1
slaughter[V],1,1
Varesi[N],1,1
overrefine[V],1,1
Virtuosi[N],1,1
devolve[V],1,1
dishonor[V],1,1
Valter[N],1,1
quaff[V],1,1
bolt[V],1,1
Voigt[N],1,1
donner[V],1,1
impair[V],1,1
content[V],1,1
Verbannten[N],1,1
overcloud[V],1,1
recycle[V],1,1
skeer[V],1,1
medley[V],1,1
spook[V],1,1
till[V],1,1
Vandyke[N],1,1
blood-chill[V],1,1
trail[V],1,1
source[V],1,1
scythe[V],1,1
choosee[V],1,1
straddle[V],1,1
major[V],1,1
bebop[V],1,1
picturesque[V],1,1
immortalise[V],1,1
wilfr[V],1,1
forfeit[V],1,1
prune[V],1,1
helde[V],1,1
sill[V],1,1
neigh[V],1,1
restate[V],1,1
dissuade[V],1,1
disobey[V],1,1
abit[V],1,1
endue[V],1,1
carne[V],1,1
crumple[V],1,1
strangle[V],1,1
Violons[N],1,1
remeember[V],1,1
popularize[V],1,1
freshen[V],1,1
peck[V],1,1
ogle[V],1,1
reduplicate[V],1,1
quintet[V],1,1
dredge[V],1,1
minor/warming[V],1,1
tail[V],1,1
Volkslied[N],1,1
humanise[V],1,1
satisify[V],1,1
spew[V],1,1
makee[V],1,1
weren[V],1,1
proselytise[V],1,1
demi-voce[V],1,1
half-past[V],1,1
bruise[V],1,1
Visions[N],1,1
musicalize[V],1,1
placate[V],1,1
autre[V],1,1
fane[V],1,1
stress[V],1,1
glamorize[V],1,1
reassemble[V],1,1
lsiten[V],1,1
potty[V],1,1
worst[V],1,1
blue-side[V],1,1
WorldVoice[N],1,2
deflate[V],1,1
expectorate[V],1,1
retch[V],1,1
grosso[V],1,1
minister[V],1,1
mold[V],1,1
defray[V],1,1
infer[V],1,1
invalide[V],1,1
ward[V],1,1
shield[V],1,1
quelque[V],1,1
victimize[V],1,1
diverg[V],1,1
cookin[V],1,1
crap[V],1,1
manoeuvre[V],1,1
pre-amp[V],1,1
illumine[V],1,1
wriggle[V],1,1
invalidate[V],1,1
flounder[V],1,1
interlace[V],1,1
evaporate[V],1,1
historique[V],1,1
remaine[V],1,1
reedy[V],1,1
ince[V],1,1
Valkyrie[N],1,1
abominate[V],1,1
charter[V],1,1
unstop[V],1,1
sittin[V],1,1
wiggle[V],1,1
unreassure[V],1,1
patch[V],1,1
right[V],1,1
lookd[V],1,1
enchain[V],1,1
BENEVENTANO[N],1,1
Varole[N],1,1
nourish[V],1,1
trespass[V],1,1
STAVROS[N],1,2
Viktorovna[N],1,1
luxuriate[V],1,1
rear[V],1,1
Voelker[N],1,1
ensanguin[V],1,1
discombobulate[V],1,1
reed[V],1,1
swindle[V],1,1
strafe[V],1,1
sentimentalize[V],1,1
Victoire[N],1,1
marinate[V],1,1
uncomprehend[V],1,1
maul[V],1,1
Vaughen[N],1,1
Valery[N],1,1
Verme[N],1,1
jumpt[V],1,1
spiritualize[V],1,1
headline[V],1,1
begrime[V],1,1
Vyse[N],1,1
broaden[V],1,1
opposite[V],1,1
abolish[V],1,1
Veris[N],1,1
/sup[V],1,1
standinge[V],1,1
conjecture[V],1,1
Vecchi[N],1,1
capitulate[V],1,1
reuest[V],1,1
twixt[V],1,1
ungive[V],1,1
fuit[V],1,1
oversee[V],1,1
shack[V],1,1
Verbrugghen[N],1,1
repulse[V],1,1
interchange[V],1,1
stond[V],1,1
rummage[V],1,1
botch[V],1,1
discolour[V],1,1
poop[V],1,1
miscount[V],1,1
lebe[V],1,1
precedent[V],1,1
be-bop[V],1,1
condole[V],1,1
Voce[N],1,1
thread[V],1,1
plank[V],1,1
resum[V],1,1
sponge[V],1,1
re-establish[V],1,1
Valois[N],1,1
regardest[V],1,1
visitest[V],1,1
goof[V],1,1
loge[V],1,1
grill[V],1,1
swingin[V],1,1
sublet[V],1,1
strap[V],1,1
brine[V],1,1
Virtuosin[N],1,1
soliloquize[V],1,1
doodle[V],1,1
pilfer[V],1,1
Vedast[N],1,1
quel[V],1,1
morph[V],1,1
curtsy[V],1,1
Verne[N],1,1
Violincellist[N],1,1
spouse[V],1,1
estaminet[V],1,1
alle[V],1,1
fulle[V],1,1
arnold[V],1,1
Valses[N],1,1
twangle[V],1,1
conceit[V],1,1
getteth[V],1,1
profane[V],1,1
ignite[V],1,1
buckle[V],1,1
Vice-Chancelors[N],1,1
half-turn[V],1,1
concertize[V],1,1
utilize[V],1,1
thee[V],1,1
consolidate[V],1,1
totter[V],1,1
Vestry[N],1,1
kidnap[V],1,1
jilt[V],1,1
re-organise[V],1,1
matchbox[V],1,1
fend[V],1,1
coördinate[V],1,1
upgrade[V],1,1
verbalize[V],1,1
discomfort[V],1,1
robe[V],1,1
spice[V],1,1
yawn[V],1,1
dane[V],1,1
gramophon[V],1,1
fangt[V],1,1
noodle[V],1,1
garner[V],1,1
dread[V],1,1
tooke[V],1,1
kettle-drum[V],1,1
psalm[V],1,1
incise[V],1,1
coil[V],1,1
Vlado[N],1,1
slither[V],1,1
weariness[V],1,1
assess[V],1,1
crib[V],1,1
goat[V],1,1
libb[V],1,1
shamble[V],1,1
draycot[V],1,1
misread[V],1,1
detract[V],1,1
foreshadow[V],1,1
induct[V],1,1
SZAVARDY[N],1,1
choose.the[V],1,1
rolick[V],1,1
belittle[V],1,1
root[V],1,1
belch[V],1,1
sand[V],1,1
tapestry[V],1,1
Vandini[N],1,1
overpay[V],1,1
Venys[N],1,1
Vernet[N],1,1
petition[V],1,1
synthesize[V],1,1
slot[V],1,1
dupe[V],1,1
Visetti[N],1,1
Volksoper[N],1,1
crescendo[V],1,1
bollock[V],1,1
kommt[V],1,1
Visegrad[N],1,1
puritani[V],1,1
Valente[N],1,1
feather[V],1,1
surfeit[V],1,1
seep[V],1,1
jolt[V],1,1
thrum[V],1,1
dramatise[V],1,1
torpedo[V],1,1
recede[V],1,1
chain[V],1,1
strengt[V],1,1
programme[V],1,1
over-tire[V],1,1
burden[V],1,1
blanch[V],1,1
ceasee[V],1,1
overtax[V],1,1
rowe[V],1,1
Vossische[N],1,1
Vendetta[N],1,1
empower[V],1,1
aria[V],1,1
syng[V],1,1
re-edit[V],1,1
dreſs[V],1,1
abstain[V],1,2
bien[V],1,1
capitalise[V],1,1
keepe[V],1,2
deflect[V],1,1
continuallie[V],1,1
slash[V],1,1
simulate[V],1,1
modernize[V],1,1
relay[V],1,1
sojourn[V],1,1
sprechgesang[V],1,1
obligate[V],1,1
decay[V],1,1
horse[V],1,1
blair[V],1,1
nibble[V],1,1
worgan[V],1,1
square[V],1,1
entail[V],1,1
blazon[V],1,1
buttonhole[V],1,1
cower[V],1,1
fritter[V],1,1
belt[V],1,1
kettledrum[V],1,1
concieve[V],1,1
reinstall[V],1,1
thaye[V],1,1
idolise[V],1,1
nicola[V],1,1
wandre[V],1,1
beef[V],1,1
listenest[V],1,1
socialize[V],1,1
commiserate[V],1,1
chide[V],1,1
newdigate[V],1,1
dropt[V],1,1
diese[V],1,1
scan[V],1,2
acoustic[V],1,1
Venoni[N],1,2
skid[V],1,1
wizen[V],1,1
requite[V],1,1
adumbrate[V],1,1
lionize[V],1,1
entfuhrung[V],1,1
hitch[V],1,1
stirreth[V],1,1
mesh[V],1,1
untii[V],1,1
ensnare[V],1,1
daze[V],1,1
unwind[V],1,1
underrehearse[V],1,1
exotique[V],1,1
Venezuela[N],1,1
Villanelle[N],1,1
indiscreet[V],1,1
danc[V],1,1
mistranslate[V],1,1
acclimatize[V],1,1
misquote[V],1,1
mouth[V],1,1
tangle[V],1,1
toolsh[V],1,1
humiliate[V],1,1
promenade[V],1,1
belive[V],1,1
tweet[V],1,1
braid[V],1,1
addict[V],1,1
tempi[V],1,1
cela[V],1,1
Pianist-Virtuoso[N],1,1
immodest[V],1,1
compères[V],1,1
Verdure[N],1,1
gauge[V],1,1
vindicate[V],1,1
orient[V],1,1
effuse[V],1,1
forte[V],1,1
Viennois[N],1,1
wager[V],1,1
arme[V],1,1
forthwith[V],1,1
crop[V],1,1
herd[V],1,1
intoxicate[V],1,1
preconceive[V],1,1
familiarise[V],1,1
Valet[N],1,1
habituate[V],1,1
canvass[V],1,1
daft[V],1,1
stricken[V],1,1
provyd[V],1,1
reset[V],1,1
re-release[V],1,1
recast[V],1,1
ventriloquize[V],1,1
invigorate[V],1,1
Voyez[N],1,1
ne'er[V],1,1
welter[V],1,1
deride[V],1,1
punch[V],1,1
maroon[V],1,1
donne[V],1,1
unchlorinate[V],1,1
bunt[V],1,1
decapitate[V],1,1
galvanise[V],1,1
alot[V],1,1
administr[V],1,1
peut[V],1,1
scutter[V],1,1
apropo[V],1,1
pride[V],1,1
brew[V],1,1
absence-linger[V],1,1
etch[V],1,1
faze[V],1,1
orderd[V],1,1
numb[V],1,1
nickname[V],1,1
latch[V],1,1
sentimentalise[V],1,1
unfit[V],1,1
bewail[V],1,1
castigate[V],1,1
Vendome[N],1,2
bundle[V],1,1
playact[V],1,1
findeth[V],1,1
bias[V],1,1
dismay[V],1,1
troghout[V],1,1
systematise[V],1,1
inchant[V],1,1
assault[V],1,1
Vicenzo[N],1,1
predate[V],1,1
undiscern[V],1,1
Voces[N],1,1
imperpose[V],1,1
Voghera[N],1,1
duce[V],1,1
engineer[V],1,1
unwrap[V],1,1
capsize[V],1,1
tidy[V],1,1
evaluate[V],1,1
space[V],1,1
silhouette[V],1,1
tinge[V],1,1
trippin[V],1,1
popularise[V],1,1
predicate[V],1,1
patter[V],1,1
printemp[V],1,1
eulogise[V],1,1
case[V],1,1
apprentice[V],1,1
recitale[V],1,1
geld[V],1,1
pine[V],1,1
unfasten[V],1,1
hiccough[V],1,1
gloom[V],1,1
extenuate[V],1,1
Vogls[N],1,1
sympathize[V],1,1
baptize[V],1,1
jangle[V],1,1
sling[V],1,1
mama[V],1,1
hast[V],1,1
servd[V],1,1
pro-cure[V],1,1
peachy[V],1,1
faddle[V],1,1
intersect[V],1,1
posture[V],1,1
mesure[V],1,1
generall[V],1,1
bide[V],1,1
Vancouver[N],1,1
feare[V],1,1
endanger[V],1,1
Vetter[N],1,1
plumage[V],1,1
monument[V],1,1
Vepres[N],1,1
outstretch[V],1,1
knot[V],1,1
Vorassi[N],1,1
mollify[V],1,1
chequer[V],1,1
jell[V],1,1
shawm[V],1,1
prosify[V],1,1
detrain[V],1,1
mirror[V],1,1
swivel[V],1,1
reread[V],1,1
beguile[V],1,1
heart[V],1,1
slave[V],1,1
scrutinize[V],1,1
confin[V],1,1
ligne[V],1,1
geographise[V],1,1
sour[V],1,1
fart[V],1,1
bone[V],1,1
Voil&agrave[N],1,1
chunk[V],1,2
comb[V],1,1
stupefy[V],1,1
bridle[V],1,1
tutor[V],1,1
frock[V],1,1
second-guess[V],1,1
unerr[V],1,1
Vinci[N],1,1
migrate[V],1,1
wlad[V],1,1
verra[V],1,1
re-double[V],1,1
