 "exp" ,
 "http://data.open.ac.uk/led/lexp/1436438560540" ,
 "http://data.open.ac.uk/led/lexp/1436281325939" ,
 "http://data.open.ac.uk/led/lexp/1436445421219" ,
 "http://data.open.ac.uk/led/lexp/1436264049561" ,
 "http://data.open.ac.uk/led/lexp/1436178232441" ,
 "http://data.open.ac.uk/led/lexp/1436250955725" ,
 "http://data.open.ac.uk/led/lexp/1436518466769" ,
 "http://data.open.ac.uk/led/lexp/1436263043874" ,
 "http://data.open.ac.uk/led/lexp/1435928087149" ,
 "http://data.open.ac.uk/led/lexp/1436265822598" ,
 "http://data.open.ac.uk/led/lexp/1436434595667" ,
 "http://data.open.ac.uk/led/lexp/1435840591315" ,
 "http://data.open.ac.uk/led/lexp/1435930984335" ,
 "http://data.open.ac.uk/led/lexp/1436283306101" ,
 "http://data.open.ac.uk/led/lexp/1436164309168" ,
 "http://data.open.ac.uk/led/lexp/1436200836078" ,
 "http://data.open.ac.uk/led/lexp/1436181440816" ,
 "http://data.open.ac.uk/led/lexp/1436459343773" ,
 "http://data.open.ac.uk/led/lexp/1436518097111" ,
 "http://data.open.ac.uk/led/lexp/1436201256737" ,
 "http://data.open.ac.uk/led/lexp/1435927129543" ,
 "http://data.open.ac.uk/led/lexp/1436445738562" ,
 "http://data.open.ac.uk/led/lexp/1436432727712" ,
 "http://data.open.ac.uk/led/lexp/1436281042239" ,
 "http://data.open.ac.uk/led/lexp/1436434376182" ,
 "http://data.open.ac.uk/led/lexp/1435916345649" ,
 "http://data.open.ac.uk/led/lexp/1436435221703" ,
 "http://data.open.ac.uk/led/lexp/1436521270492" ,
 "http://data.open.ac.uk/led/lexp/1435915981952" ,
 "http://data.open.ac.uk/led/lexp/1435916831062" ,
 "http://data.open.ac.uk/led/lexp/1436283623047" ,
 "http://data.open.ac.uk/led/lexp/1435931512268" ,
 "http://data.open.ac.uk/led/lexp/1436280789561" ,
 "http://data.open.ac.uk/led/lexp/1436182942743" ,
 "http://data.open.ac.uk/led/lexp/1435915325286" ,
 "http://data.open.ac.uk/led/lexp/1436522398418" ,
 "http://data.open.ac.uk/led/lexp/1436280456835" ,
 "http://data.open.ac.uk/led/lexp/1436192343938" ,
 "http://data.open.ac.uk/led/lexp/1436528835335" ,
 "http://data.open.ac.uk/led/lexp/1435926808950" ,
 "http://data.open.ac.uk/led/lexp/1436258886793" ,
 "http://data.open.ac.uk/led/lexp/1436202482351" ,
 "http://data.open.ac.uk/led/lexp/1436260597356" ,
 "http://data.open.ac.uk/led/lexp/1436284721620" ,
 "http://data.open.ac.uk/led/lexp/1436519578396" ,
 "http://data.open.ac.uk/led/lexp/1436423346848" ,
 "http://data.open.ac.uk/led/lexp/1436164091169" ,
 "http://data.open.ac.uk/led/lexp/1436282192995" ,
 "http://data.open.ac.uk/led/lexp/1436458807940" ,
 "http://data.open.ac.uk/led/lexp/1436193426140" ,
 "http://data.open.ac.uk/led/lexp/1436192694272" ,
 "http://data.open.ac.uk/led/lexp/1436174968369" ,
 "http://data.open.ac.uk/led/lexp/1435930107895" ,
 "http://data.open.ac.uk/led/lexp/1436175572082" ,
 "http://data.open.ac.uk/led/lexp/1436434882802" ,
 "http://data.open.ac.uk/led/lexp/1436173608702" ,
 "http://data.open.ac.uk/led/lexp/1436263335878" ,
 "http://data.open.ac.uk/led/lexp/1436182498768" ,
 "http://data.open.ac.uk/led/lexp/1436519953118" ,
 "http://data.open.ac.uk/led/lexp/1436444993373" ,
 "http://data.open.ac.uk/led/lexp/1436261428542" ,
 "http://data.open.ac.uk/led/lexp/1436438224836" ,
 "http://data.open.ac.uk/led/lexp/1435927632749" ,
 "http://data.open.ac.uk/led/lexp/1436423891936" ,
 "http://data.open.ac.uk/led/lexp/1436266262307" ,
 "http://data.open.ac.uk/led/lexp/1436262032838" ,
 "http://data.open.ac.uk/led/lexp/1436436770716" ,
 "http://data.open.ac.uk/led/lexp/1436438967800" ,
 "http://data.open.ac.uk/led/lexp/1435915676246" ,
 "http://data.open.ac.uk/led/lexp/1436182135916" ,
 "http://data.open.ac.uk/led/lexp/1436281897258" ,
 "http://data.open.ac.uk/led/lexp/1436180874507" ,
 "http://data.open.ac.uk/led/lexp/1436283967277" ,
 "http://data.open.ac.uk/led/lexp/1436262651824" ,
 "http://data.open.ac.uk/led/lexp/1436282832945" ,
 "http://data.open.ac.uk/led/lexp/1436194630719" ,
 "http://data.open.ac.uk/led/lexp/1436164628291" ,
 "http://data.open.ac.uk/led/lexp/1436176439600" ,
 "http://data.open.ac.uk/led/lexp/1436282556335" ,
 "http://data.open.ac.uk/led/lexp/1436250750453" ,
 "http://data.open.ac.uk/led/lexp/1436459117035" ,
 "http://data.open.ac.uk/led/lexp/1436265325522" ,
 "http://data.open.ac.uk/led/lexp/1436445995717" ,
 "http://data.open.ac.uk/led/lexp/1436519123026" ,
 "http://data.open.ac.uk/led/lexp/1436281535809" ,
 "http://data.open.ac.uk/led/lexp/1435930476313" ,
 "http://data.open.ac.uk/led/lexp/1436195369775" ,
 "http://data.open.ac.uk/led/lexp/1436424974663" ,
 "http://data.open.ac.uk/led/lexp/1436193727777" ,
 "http://data.open.ac.uk/led/lexp/1436175824478" ,
 "http://data.open.ac.uk/led/lexp/1436457314337" ,
 "http://data.open.ac.uk/led/lexp/1436251795765" ,
 "http://data.open.ac.uk/led/lexp/1436435912176" ,
 "http://data.open.ac.uk/led/lexp/1435929264418" ,
 "http://data.open.ac.uk/led/lexp/1436458374558" ,
 "http://data.open.ac.uk/led/lexp/1436201856954" ,
 "http://data.open.ac.uk/led/lexp/1436260072528" ,
 "http://data.open.ac.uk/led/lexp/1436433150618" ,
 "http://data.open.ac.uk/led/lexp/1436195820165" ,
 "http://data.open.ac.uk/led/lexp/1436174454662" ,
 "http://data.open.ac.uk/led/lexp/1436183373358" ,
 "http://data.open.ac.uk/led/lexp/1436252026055" ,
